store_id,brand_id,shop_key,store_name,trade_name,business_legal_name,street_address,city,zip5,license_start_year,brand,origin_region,primary_beverage_category,hero_products,positioning,business_model,evidence_url,store_key_norm,shop_name_input,place_id,matched_google_url,website_url,google_rating,google_user_ratings_total,google_price_level,review_snippet_count,extracted_review_rows,fetch_ok,error,review_count,source_count,avg_rating,date_min,date_max
BID|PR0091735,32_below_bubble_tea,BID|PR0091735,32 BELOW SOFT SERVE + BUBBLE TEA,32 BELOW SOFT SERVE + BUBBLE TEA,32 BELOW SOFT SERVE + BUBBLE TEA,17054 116TH AVE SE,RENTON,98058,2024.0,32 Below Bubble Tea,Local/Regional,MilkTea,bubble tea/soft serve,Dessert plus bubble tea hybrid,Independent,,32BELOWSOFTSERVEBUBBLETEA,32 BELOW SOFT SERVE + BUBBLE TEA,ChIJX0m-TuJdkFQRyj_Tl1Wmt4g,https://maps.google.com/?cid=9851525596445884362,https://www.32belowsoftserve.com/,4.6,97.0,1.0,5,5,1,,5,1.0,4.6,2024-07-21,2026-02-02
BID|PR0089601,angel_boba,BID|PR0089601,ANGEL BOBA & SANDWICHES,ANGEL BOBA & SANDWICHES,ANGEL BOBA & SANDWICHES,2 B ST SE,AUBURN,98002,2021.0,Angel Boba,Local/Regional,MilkTea,boba/sandwich combo,Sandwich plus bubble tea hybrid,Independent,,ANGELBOBASANDWICHES,ANGEL BOBA & SANDWICHES,ChIJZfyrSlFZkFQRFkK2X7ceuJc,https://maps.google.com/?cid=10932521868375507478,https://angelboba-sandwich.com/?utm_source=google,4.6,129.0,,5,5,1,,10,2.0,4.6,2021-04-06,2026-02-07
BID|PR0091879,boba_house,BID|PR0091879,BOBA HOUSE,BOBA HOUSE,BOBA HOUSE,14359 15TH AVE NE,SEATTLE,98125,2024.0,Boba House,Local/Regional,MilkTea,boba drinks,Neighborhood boba concept,Independent,,BOBAHOUSE,BOBA HOUSE,ChIJaSHoqvsRkFQRTyl-5aOX_v4,https://maps.google.com/?cid=18374290259903916367,https://www.clover.com/online-ordering/boba-house-seattle,4.6,135.0,1.0,5,5,1,,21,4.0,3.809090909090909,2024-08-11,2025-12-20
BID|PR0088039,boba_house,BID|PR0088039,MELODY BOBA HOUSE,MELODY BOBA HOUSE,MELODY BOBA HOUSE,31406 PACIFIC HWY S STE A,FEDERAL WAY,98003,2023.0,Boba House,Local/Regional,MilkTea,boba drinks,Neighborhood boba concept,Independent,,MELODYBOBAHOUSE,MELODY BOBA HOUSE,ChIJDwwynThXkFQRDkW9HIo3smg,https://maps.google.com/?cid=7544153392126182670,https://melodyboba-federalway.com/,4.2,465.0,1.0,5,5,1,,10,2.0,4.6,2023-10-22,2026-02-10
BID|PR0087843,bobae,BID|PR0087843,BOBAE COFFEE & TEA,BOBAE COFFEE & TEA,BOBAE COFFEE & TEA,240 NW GILMAN BL STE 5,ISSAQUAH,98027,2024.0,Bobae,Local/Regional,MilkTea,boba coffee/milk tea,Hybrid coffee and milk tea concept,Independent/mini-chain,,BOBAECOFFEETEA,BOBAE COFFEE & TEA,ChIJ9zwi7tFvkFQRDYXm2Jn-J6U,https://maps.google.com/?cid=11900760477072262413,https://www.bobaeusa.com/,4.7,216.0,2.0,5,5,1,,25,2.0,4.416666666666666,2024-04-14,2026-02-16
BID|PR0090707,bobae,BID|PR0090707,BOBAE COFFEE & TEA,BOBAE COFFEE & TEA,BOBAE COFFEE & TEA,14676 NE 95TH ST,REDMOND,98052,2022.0,Bobae,Local/Regional,MilkTea,boba coffee/milk tea,Hybrid coffee and milk tea concept,Independent/mini-chain,,BOBAECOFFEETEA,BOBAE COFFEE & TEA,ChIJo1_GBT0TkFQR-bh2bHIcP6U,https://maps.google.com/?cid=11907267217562450169,http://www.bobaeusa.com/,4.7,347.0,2.0,5,5,1,,25,2.0,4.416666666666666,2024-04-14,2026-02-16
BID|PR0092154,bobae,BID|PR0092154,BOBAE COFFEE AND TEA,BOBAE COFFEE AND TEA,BOBAE COFFEE AND TEA,15745 NE 36TH ST,REDMOND,98052,2025.0,Bobae,Local/Regional,MilkTea,boba coffee/milk tea,Hybrid coffee and milk tea concept,Independent/mini-chain,,BOBAECOFFEEANDTEA,BOBAE COFFEE AND TEA,ChIJM_BwJgBtkFQRfUUMe70VWBU,https://maps.google.com/?cid=1538003176304428413,,4.5,13.0,,5,5,1,,5,1.0,4.2,2025-07-29,2026-02-12
BID|PR0020889,bobae,BID|PR0020889,BOBAE USA DBA BOBAE COFFEE & TEA,BOBAE USA DBA BOBAE COFFEE & TEA,BOBAE USA DBA BOBAE COFFEE & TEA,14015 NE WOODINVILLE DUVAL RD,WOODINVILLE,98072,2019.0,Bobae,Local/Regional,MilkTea,boba coffee/milk tea,Hybrid coffee and milk tea concept,Independent/mini-chain,,BOBAEUSADBABOBAECOFFEETEA,BOBAE USA DBA BOBAE COFFEE & TEA,ChIJLVoWr_sNkFQR2mqkYv73MCY,https://maps.google.com/?cid=2751972044272069338,http://www.bobaeusa.com/,4.7,844.0,2.0,5,5,1,,5,1.0,5.0,2025-04-24,2026-02-03
BID|PR0090145,bobae,BID|PR0090145,Bobae Coffee & Tea,Bobae Coffee & Tea,Bobae Coffee & Tea,168 LAKE ST S,KIRKLAND,98033,2022.0,Bobae,Local/Regional,MilkTea,boba coffee/milk tea,Hybrid coffee and milk tea concept,Independent/mini-chain,,BOBAECOFFEETEA,Bobae Coffee & Tea,ChIJo1_GBT0TkFQR-bh2bHIcP6U,https://maps.google.com/?cid=11907267217562450169,http://www.bobaeusa.com/,4.7,347.0,2.0,5,5,1,,25,2.0,4.416666666666666,2024-04-14,2026-02-16
BID|PR0065136,bobalust,BID|PR0065136,BOBALUST,BOBALUST,BOBALUST,116 SW 148TH ST ,BURIEN,98166,2021.0,Bobalust,Local/Regional,MilkTea,boba milk tea,Multi-city boba tea chain in King County,Independent chain,,BOBALUST,BOBALUST,ChIJq0XB9g5DkFQRtV37mxuvgPw,https://maps.google.com/?cid=18194735027692723637,http://bobalustteahouse.com/,4.2,115.0,,5,5,1,,25,1.0,4.4,2021-10-03,2026-02-08
BID|PR0079741,bobalust,BID|PR0079741,BOBALUST,BOBALUST,BOBALUST,1770 S 320th ST,FEDERAL WAY,98003,2020.0,Bobalust,Local/Regional,MilkTea,boba milk tea,Multi-city boba tea chain in King County,Independent chain,,BOBALUST,BOBALUST,ChIJRaiESbZXkFQRwxWbyPqXYbE,https://maps.google.com/?cid=12781664320817403331,http://bobalustteahouse.com/,4.1,128.0,,5,5,1,,25,1.0,4.4,2021-10-03,2026-02-08
BID|PR0086164,bobalust,BID|PR0086164,BOBALUST,BOBALUST,BOBALUST,12950 SE KENT KANGLEY RD,KENT,98030,2019.0,Bobalust,Local/Regional,MilkTea,boba milk tea,Multi-city boba tea chain in King County,Independent chain,,BOBALUST,BOBALUST,ChIJdaRSuI5fkFQRvJQJ3XOLMg0,https://maps.google.com/?cid=950975801074488508,https://www.bobalustteahouse.com/,4.3,131.0,,5,5,1,,25,1.0,4.4,2021-10-03,2026-02-08
BID|PR0072295,bobalust,BID|PR0072295,BOBALUST,BOBALUST,BOBALUST,6617 132ND AVE NE,KIRKLAND,98033,2021.0,Bobalust,Local/Regional,MilkTea,boba milk tea,Multi-city boba tea chain in King County,Independent chain,,BOBALUST,BOBALUST,ChIJt3Gy3a1tkFQRRyT8U0o49GU,https://maps.google.com/?cid=7346558784035890247,http://bobalustteahouse.com/,4.5,302.0,,5,5,1,,25,1.0,4.4,2021-10-03,2026-02-08
BID|PR0052459,bobalust,BID|PR0052459,BOBALUST,BOBALUST,BOBALUST,4553 UNIVERSITY WAY NE ,SEATTLE,98105,2022.0,Bobalust,Local/Regional,MilkTea,boba milk tea,Multi-city boba tea chain in King County,Independent chain,,BOBALUST,BOBALUST,ChIJ2xxT5fgVkFQReKUl3fwqq9k,https://maps.google.com/?cid=15684677392778241400,https://www.bobalustteahouse.com/,4.4,76.0,,5,5,1,,25,1.0,4.4,2021-10-03,2026-02-08
BID|PR0087133,bobalust,BID|PR0087133,BOBALUST TEA HOUSE,BOBALUST TEA HOUSE,BOBALUST TEA HOUSE,319 TUKWILA PKWY,TUKWILA,98188,2017.0,Bobalust,Local/Regional,MilkTea,boba milk tea,Multi-city boba tea chain in King County,Independent chain,,BOBALUSTTEAHOUSE,BOBALUST TEA HOUSE,ChIJl0-WCtVckFQRKnzjnmUYsP0,https://maps.google.com/?cid=18280137712233315370,http://bobalustteahouse.com/,4.5,748.0,1.0,5,5,1,,5,1.0,2.2,2022-12-18,2026-02-07
BID|PR0091843,bober_tea_mochi_dough,BID|PR0091843,Bober Tea & Mochi Dough,Bober Tea & Mochi Dough,Bober Tea & Mochi Dough,605 BROADWAY E,SEATTLE,98102,2024.0,Bober Tea & Mochi Dough,Local/Regional,Unknown,boba tea/mochi dough,Dessert and tea hybrid,Independent,,BOBERTEAMOCHIDOUGH,Bober Tea & Mochi Dough,ChIJP1hHXAAVkFQRQdD2HVH5-4M,https://maps.google.com/?cid=9510469164913315905,http://www.yummmochi.com/,4.6,294.0,,5,5,1,,5,1.0,4.2,2024-08-15,2026-01-28
MANUAL|CHACO_COFFEE_TEA_SEATTLE_98109,chaco_coffee_tea,MANUAL|CHACO_COFFEE_TEA_SEATTLE_98109,CHACO COFFEE & TEA,CHACO COFFEE & TEA,CHACO COFFEE & TEA,100 4TH AVE N STE 165,SEATTLE,98109,,Chaco Coffee & Tea,Local/Regional,MilkTea,coffee/tea,Coffee and tea hybrid,Independent,,CHACOCOFFEETEA,CHACO COFFEE & TEA,ChIJdxfOMSYVkFQRT283uS_dls4,https://maps.google.com/?cid=14886328815360372559,https://chacoffeeandtea.com/,4.8,246.0,,5,5,1,,5,1.0,4.6,2025-10-18,2026-01-09
BID|PR0085053,chaco_coffee_tea,BID|PR0085053,CHACO COFFEE AND TEA,CHACO COFFEE AND TEA,CHACO COFFEE AND TEA,140 4TH AVE N STE 165,SEATTLE,98109,2025.0,Chaco Coffee & Tea,Local/Regional,MilkTea,coffee/tea,Coffee and tea hybrid,Independent,,CHACOCOFFEEANDTEA,CHACO COFFEE AND TEA,ChIJdxfOMSYVkFQRT283uS_dls4,https://maps.google.com/?cid=14886328815360372559,https://chacoffeeandtea.com/,4.8,246.0,,5,5,1,,5,1.0,4.6,2025-10-18,2026-01-09
MANUAL|CHAYAN_SEATTLE_98105,chayan,MANUAL|CHAYAN_SEATTLE_98105,CHAYAN,CHAYAN,CHAYAN,4106 BROOKLYN AVE NE SUITE 103A,SEATTLE,98105,,Chayan,Mainland China,PureTea,tea latte/pure tea,Chinese-style tea brand,Direct/partner,,CHAYAN,CHAYAN,ChIJyUKPLcAVkFQR50llYBwKOsY,https://maps.google.com/?cid=14283740285151562215,,4.2,66.0,,5,5,1,,5,1.0,4.2,2025-09-06,2025-11-26
BID|PR0089923,chicha_san_chen,BID|PR0089923,CHICHA SAN CHEN,CHICHA SAN CHEN,CHICHA SAN CHEN,400 BELLEVUE SQ STE 188,BELLEVUE,98004,2025.0,Chicha San Chen,Taiwan,PureTea,teapresso/fresh milk tea,Premium hand-brewed tea specialist,Franchise/select,https://www.chichasanchen.com/,CHICHASANCHEN,CHICHA SAN CHEN,ChIJG7hjCUZtkFQR18zhUHvgKpw,https://maps.google.com/?cid=11253053439181180119,http://chichasanchenwa.com/,4.2,829.0,2.0,5,5,1,,15,2.0,4.699999999999999,2025-06-22,2026-02-12
BID|PR0092458,chicha_san_chen,BID|PR0092458,Chicha San Chen,Chicha San Chen,Chicha San Chen,17480 SOUTHCENTER PKWY,TUKWILA,98188,2025.0,Chicha San Chen,Taiwan,PureTea,teapresso/fresh milk tea,Premium hand-brewed tea specialist,Franchise/select,https://www.chichasanchen.com/,CHICHASANCHEN,Chicha San Chen,ChIJuShFmJpdkFQRycy8x-m_lzM,https://maps.google.com/?cid=3717651028216958153,https://chichasanchenwa.com/,4.8,339.0,,5,5,1,,15,2.0,4.699999999999999,2025-06-22,2026-02-12
BID|PR0092784,choo_tea,BID|PR0092784,CHOO TEA,CHOO TEA,CHOO TEA,155 108th AVE NE 101,BELLEVUE,98004,2025.0,Choo Tea,Local/Regional,MilkTea,milk tea/fruit tea,Local tea shop,Independent,,CHOOTEA,CHOO TEA,ChIJPwQIGfZtkFQRgy4vLW1y5ho,https://maps.google.com/?cid=1938362502864645763,,4.6,101.0,,5,5,1,,5,1.0,4.2,2025-09-21,2025-11-27
MANUAL|CHOO_TEA_BELLEVUE_98004,choo_tea,MANUAL|CHOO_TEA_BELLEVUE_98004,CHOO TEA BELLEVUE,CHOO TEA BELLEVUE,CHOO TEA BELLEVUE,155 108TH AVE NE #101,BELLEVUE,98004,,Choo Tea,Local/Regional,MilkTea,milk tea/fruit tea,Local tea shop,Independent,,CHOOTEABELLEVUE,CHOO TEA BELLEVUE,ChIJPwQIGfZtkFQRgy4vLW1y5ho,https://maps.google.com/?cid=1938362502864645763,,4.6,101.0,,5,5,1,,5,1.0,4.2,2025-09-21,2025-11-27
BID|PR0091778,coco_fresh_tea_juice,BID|PR0091778,COCO FRESH,COCO FRESH,COCO FRESH,4700 BROOKLYN AVE NE,SEATTLE,98105,2024.0,CoCo Fresh Tea & Juice,Taiwan,MilkTea,milk tea/juice,Scale chain with broad menu and value orientation,Franchise-heavy,https://www.coco-tea.com/,COCOFRESH,COCO FRESH,ChIJJYfzOAAVkFQRmkSR4yhzbz0,https://maps.google.com/?cid=4426883578182321306,https://www.instagram.com/cocobubbleteaseattle?igsh=MTFiemJobjV0MDYx,4.8,11.0,1.0,5,5,1,,10,2.0,4.4,2025-01-06,2026-02-13
BID|PR0081538,coco_fresh_tea_juice,BID|PR0081538,COCO FRESH TEA & JUICE,COCO FRESH TEA & JUICE,COCO FRESH TEA & JUICE,11028 NE 8TH ST,BELLEVUE,98004,2017.0,CoCo Fresh Tea & Juice,Taiwan,MilkTea,milk tea/juice,Scale chain with broad menu and value orientation,Franchise-heavy,https://www.coco-tea.com/,COCOFRESHTEAJUICE,COCO FRESH TEA & JUICE,ChIJaxM024tskFQRmF1Nqcam2n0,https://maps.google.com/?cid=9068744171838070168,,4.2,494.0,1.0,5,5,1,,10,2.0,4.5,2018-06-03,2026-02-06
BID|PR0081660,coco_fresh_tea_juice,BID|PR0081660,COCO FRESH TUKWILA,COCO FRESH TUKWILA,COCO FRESH TUKWILA,728 SOUTHCENTER MALL STE 1480,TUKWILA,98188,2023.0,CoCo Fresh Tea & Juice,Taiwan,MilkTea,milk tea/juice,Scale chain with broad menu and value orientation,Franchise-heavy,https://www.coco-tea.com/,COCOFRESHTUKWILA,COCO FRESH TUKWILA,ChIJ2aQ-18pdkFQRhVQR8Xu05u0,https://maps.google.com/?cid=17142587476050793605,https://www.coco-tea.com/,3.2,65.0,1.0,5,5,1,,10,2.0,4.0,2023-02-20,2026-01-07
BID|PR0091273,comebuy_tea,BID|PR0091273,Come Buy Tea,Come Buy Tea,Come Buy Tea,824 E PIKE ST,SEATTLE,98122,2024.0,Comebuy Tea,Taiwan,FruitTea,fruit tea/milk tea,Tea chain with fruit tea and milk tea mix,Franchise/select,https://www.comebuy2002.com.tw/,COMEBUYTEA,Come Buy Tea,ChIJHSEFMgBrkFQRoJzpf-eavEE,https://maps.google.com/?cid=4736831227161058464,https://comebuytea-usa.com/,4.1,241.0,1.0,5,5,1,,10,2.0,3.6,2025-08-03,2026-01-25
BID|PR0071069,diy_tea_lab,BID|PR0071069,DIY TEA LAB,DIY TEA LAB,DIY TEA LAB,12561 116TH AVE NE ,KIRKLAND,98034,2024.0,DIY Tea Lab,Local/Regional,FruitTea,custom tea drinks,Tea customization concept,Independent,,DIYTEALAB,DIY TEA LAB,ChIJa9WWthENkFQRxsOyeLQfluU,https://maps.google.com/?cid=16543445141171651526,https://www.toasttab.com/local/order/diy-tea-lab-cafe-kirkland/r-2f2a44c7-057e-426f-bd16-78bf0e56e18e,4.2,285.0,1.0,5,5,1,,5,1.0,3.6,2024-11-11,2026-02-22
BID|PR0088857,diy_tea_lab,BID|PR0088857,DIY TEA LAB - NEWCASTLE,DIY TEA LAB - NEWCASTLE,DIY TEA LAB - NEWCASTLE,6973 COAL CREEK PKWY SE,NEWCASTLE,98059,2020.0,DIY Tea Lab,Local/Regional,FruitTea,custom tea drinks,Tea customization concept,Independent,,DIYTEALABNEWCASTLE,DIY TEA LAB - NEWCASTLE,ChIJGfshCV5pkFQRAugZHXGRRko,https://maps.google.com/?cid=5352125122181982210,https://www.diytealab.com/,4.5,260.0,1.0,5,5,1,,5,1.0,4.8,2025-10-21,2026-01-02
MANUAL|DIY_TEA_LAB_NORTHGATE_98125,diy_tea_lab,MANUAL|DIY_TEA_LAB_NORTHGATE_98125,DIY TEA LAB - NORTHGATE,DIY TEA LAB - NORTHGATE,DIY TEA LAB - NORTHGATE,334 NE NORTHGATE WAY,SEATTLE,98125,2023.0,DIY Tea Lab,Local/Regional,FruitTea,custom tea drinks,Tea customization concept,Independent,,DIYTEALABNORTHGATE,DIY TEA LAB - NORTHGATE,ChIJjQxuYV0RkFQR2updpXUhW1A,https://maps.google.com/?cid=5790258535084190426,https://www.diytealab.com/,,,,0,0,1,,0,,,,
BID|PR0087763,diy_tea_lab,BID|PR0087763,JUST POKE & DIY TEA LAB,JUST POKE & DIY TEA LAB,JUST POKE & DIY TEA LAB,734 N 34TH ST,SEATTLE,98103,2023.0,DIY Tea Lab,Local/Regional,FruitTea,custom tea drinks,Tea customization concept,Independent,,JUSTPOKEDIYTEALAB,JUST POKE & DIY TEA LAB,ChIJlz_0JIEVkFQR0eYO4WN5ZaY,https://maps.google.com/?cid=11990123052828387025,http://www.justpoke.com/,4.0,167.0,2.0,5,5,1,,10,1.0,4.4,2019-03-09,2026-02-10
BID|PR0087072,diy_tea_lab,BID|PR0087072,JUST POKE & DIY TEA LAB,JUST POKE & DIY TEA LAB,JUST POKE & DIY TEA LAB,2215 NW MARKET ST,SEATTLE,98107,2022.0,DIY Tea Lab,Local/Regional,FruitTea,custom tea drinks,Tea customization concept,Independent,,JUSTPOKEDIYTEALAB,JUST POKE & DIY TEA LAB,ChIJoapjoroVkFQRCgTZNKNjS9o,https://maps.google.com/?cid=15729775676139045898,https://justpoke.com/locations/ballard/,4.3,56.0,2.0,5,5,1,,10,1.0,4.4,2019-03-09,2026-02-10
BID|PR0088750,ding_tea,BID|PR0088750,DING TEA,DING TEA,DING TEA,321 RAMSAY WAY STE #102,KENT,98032,2019.0,Ding Tea,Taiwan,MilkTea,milk tea/toppings,Mainstream milk tea chain with broad toppings,Franchise-heavy,https://www.dingtea.com/,DINGTEA,DING TEA,ChIJc5fZVl8VkFQRuCMI2dKFB9Q,https://maps.google.com/?cid=15278327401508512696,https://www.clover.com/online-ordering/ding-tea-seattle-seattle-2,4.3,353.0,1.0,5,5,1,,20,2.0,3.25,2018-10-20,2026-02-12
BID|PR0045529,ding_tea,BID|PR0045529,DING TEA,DING TEA,DING TEA,4725 UNIVERSITY WAY NE ,SEATTLE,98105,2018.0,Ding Tea,Taiwan,MilkTea,milk tea/toppings,Mainstream milk tea chain with broad toppings,Franchise-heavy,https://www.dingtea.com/,DINGTEA,DING TEA,ChIJc5fZVl8VkFQRuCMI2dKFB9Q,https://maps.google.com/?cid=15278327401508512696,https://www.clover.com/online-ordering/ding-tea-seattle-seattle-2,4.3,353.0,1.0,5,5,1,,20,2.0,3.25,2018-10-20,2026-02-12
BID|PR0091619,ding_tea,BID|PR0091619,DING TEA+ & 36 STREETS VIETNAMESE COFFEE,DING TEA+ & 36 STREETS VIETNAMESE COFFEE,DING TEA+ & 36 STREETS VIETNAMESE COFFEE,9712 NE 119TH WAY,KIRKLAND,98034,2020.0,Ding Tea,Taiwan,MilkTea,milk tea/toppings,Mainstream milk tea chain with broad toppings,Franchise-heavy,https://www.dingtea.com/,DINGTEA36STREETSVIETNAMESECOFFEE,DING TEA+ & 36 STREETS VIETNAMESE COFFEE,ChIJwzSwOngTkFQRPncZPCyhiJU,https://maps.google.com/?cid=10775039319842846526,https://www.order.store/store/ding-tea-kirkland/Ve5IGX8ZWZaIwxmh7DSXxQ,4.5,91.0,1.0,5,5,1,,5,1.0,4.8,2024-06-08,2025-12-21
BID|PR0088284,ding_tea,BID|PR0088284,"DING TEA, COVINGTON","DING TEA, COVINGTON","DING TEA, COVINGTON",17327 SE 270TH PL #101,COVINGTON,98042,2021.0,Ding Tea,Taiwan,MilkTea,milk tea/toppings,Mainstream milk tea chain with broad toppings,Franchise-heavy,https://www.dingtea.com/,DINGTEACOVINGTON,"DING TEA, COVINGTON",ChIJa7H7jHBfkFQR8HErzLf4494,https://maps.google.com/?cid=16060954164421423600,https://www.clover.com/online-ordering/dtcovington,3.6,112.0,1.0,5,5,1,,5,1.0,3.8,2021-01-29,2022-10-19
BID|PR0091982,dont_yell_at_me,BID|PR0091982,DON'T YELL AT ME,DON'T YELL AT ME,DON'T YELL AT ME,550 106TH AVE STE 150,BELLEVUE,98004,2024.0,Dont Yell At Me,Taiwan-origin style,PureTea,signature tea latte/donut pairing,Design-led tea brand,Franchise/select,https://dontyellatme.com/,DONTYELLATME,DON'T YELL AT ME,ChIJKxDMQfRtkFQRnBeQgOhg3Lk,https://maps.google.com/?cid=13392685943598618524,https://en.dontyellatme.com/,4.0,68.0,1.0,5,5,1,,30,2.0,4.016666666666667,2023-03-19,2026-02-05
BID|PR0053727,dont_yell_at_me,BID|PR0053727,DON'T YELL AT ME,DON'T YELL AT ME,DON'T YELL AT ME,4511 UNIVERSITY WAY NE,SEATTLE,98105,2020.0,Dont Yell At Me,Taiwan-origin style,PureTea,signature tea latte/donut pairing,Design-led tea brand,Franchise/select,https://dontyellatme.com/,DONTYELLATME,DON'T YELL AT ME,ChIJ1dDladYVkFQR6Wuy2BwDKRk,https://maps.google.com/?cid=1812983747422874601,https://en.dontyellatme.com/%E9%96%80%E5%B8%82%E5%88%97%E8%A1%A8-%E7%BE%8E%E5%9C%8B,4.4,555.0,1.0,5,5,1,,30,2.0,4.016666666666667,2023-03-19,2026-02-05
BID|PR0089620,dont_yell_at_me,BID|PR0089620,DONT YELL AT ME,DONT YELL AT ME,DONT YELL AT ME,12655 120TH AVE NE SUITE 190,KIRKLAND,98034,2020.0,Dont Yell At Me,Taiwan-origin style,PureTea,signature tea latte/donut pairing,Design-led tea brand,Franchise/select,https://dontyellatme.com/,DONTYELLATME,DONT YELL AT ME,ChIJIYjfn_8NkFQRF3SptRLL5yc,https://maps.google.com/?cid=2875490168316982295,https://it14321.wixsite.com/don-t-yell-at-me,4.4,441.0,1.0,5,5,1,,30,2.0,4.016666666666667,2023-03-19,2026-02-05
BID|PR0090644,dont_yell_at_me,BID|PR0090644,Dont Yell At Me,Dont Yell At Me,Dont Yell At Me,125 Broadway E,SEATTLE,98102,2022.0,Dont Yell At Me,Taiwan-origin style,PureTea,signature tea latte/donut pairing,Design-led tea brand,Franchise/select,https://dontyellatme.com/,DONTYELLATME,Dont Yell At Me,ChIJpVfay9wVkFQRtDKMQHKr5xg,https://maps.google.com/?cid=1794591483727983284,https://www.instagram.com/dontyellatme.usa/,4.4,202.0,1.0,5,5,1,,30,2.0,4.016666666666667,2023-03-19,2026-02-05
BID|PR0087952,drink_t,BID|PR0087952,DRINK T,DRINK T,DRINK T,14509 NE 20TH ST STE C,BELLEVUE,98007,2023.0,Drink T,Local/Regional,FruitTea,fruit tea/milk tea,Tea-focused independent concept,Independent,,DRINKT,DRINK T,ChIJcTU0D19tkFQRMwWobrLley8,https://maps.google.com/?cid=3421580896441468211,https://pos.chowbus.com/online-ordering/store/15258,3.9,78.0,1.0,5,5,1,,10,2.0,3.6,2023-09-06,2025-11-21
BID|PR0091742,drip_tea,BID|PR0091742,DRIP TEA,DRIP TEA,DRIP TEA,1313 W MEEKER ST STE 221,KENT,98032,2024.0,Drip Tea,Local/Regional,FruitTea,milk tea/fruit tea,Tea-forward shop with milk tea lineup,Independent,,DRIPTEA,DRIP TEA,ChIJa9jPouNbkFQR2gp8fOACisM,https://maps.google.com/?cid=14090077547366451930,https://www.dshs.wa.gov/esa/community-services-find-an-office?field_closet_zip_code_value=98032&field_counties_value=All,3.6,98.0,,5,5,1,,10,1.0,3.2,2019-02-15,2025-12-26
BID|PR0086241,drip_tea,BID|PR0086241,DRIP TEA,DRIP TEA,DRIP TEA,1416 10TH AVE,SEATTLE,98122,2020.0,Drip Tea,Local/Regional,FruitTea,milk tea/fruit tea,Tea-forward shop with milk tea lineup,Independent,,DRIPTEA,DRIP TEA,ChIJrfg2dK5rkFQRoMO4_RR4NZM,https://maps.google.com/?cid=10607516528892494752,http://dripteaseattle.com/,4.3,450.0,1.0,5,5,1,,10,1.0,3.2,2019-02-15,2025-12-26
BID|PR0091100,feng_cha,BID|PR0091100,FENG CHA,FENG CHA,FENG CHA,203 S 2ND ST STE C,RENTON,98057,2023.0,Feng Cha,Mainland China style,FruitTea,fruit tea/milk tea,Fruit tea and milk tea concept,Partner/store growth,,FENGCHA,FENG CHA,ChIJe2LloaJDkFQRPjkKhJdukxY,https://maps.google.com/?cid=1626765487445260606,https://www.fengchausa.com/,4.7,392.0,1.0,5,5,1,,5,1.0,4.2,2023-08-19,2025-12-24
BID|PR0092614,gong_cha,BID|PR0092614,"TeaDOS, LLC dba Gong Cha","TeaDOS, LLC dba Gong Cha","TeaDOS, LLC dba Gong Cha",1124 E Pike ST,SEATTLE,98122,2025.0,Gong Cha,Taiwan,MilkTea,milk tea/fruit tea,Global tea franchise with strong urban mall footprint,Franchise-heavy,https://gongchausofficial.com/,TEADOSLLCDBAGONGCHA,"TeaDOS, LLC dba Gong Cha",ChIJDcGjUgBrkFQRU8IjgEYnzuo,https://maps.google.com/?cid=16919504033828553299,http://gongchausofficial.com/our_locations/#washington,3.4,82.0,,5,5,1,,10,2.0,3.7,2025-09-27,2026-02-11
BID|PR0089077,heytea,BID|PR0089077,HEY TEA,HEY TEA,HEY TEA,700 110th AVE NE STE 192,BELLEVUE,98004,2024.0,HEYTEA,Mainland China,CheeseTea,cheese tea/fruit tea,Premium new-style tea with high brand marketing,Direct/partner,https://www.heytea.com/,HEYTEA,HEY TEA,ChIJQZA8KGBtkFQRf7ePdSZvBJE,https://maps.google.com/?cid=10449599246378186623,https://www.heytea.com/,4.5,815.0,2.0,5,5,1,,15,2.0,3.3499999999999996,2025-10-01,2026-02-12
BID|PR0092910,heytea,BID|PR0092910,HEYTEA,HEYTEA,HEYTEA,16595 REDMOND WAY STE 165,REDMOND,98052,,HEYTEA,Mainland China,CheeseTea,cheese tea/fruit tea,Premium new-style tea with high brand marketing,Direct/partner,https://www.heytea.com/,HEYTEA,HEYTEA,ChIJOx01WQBzkFQRVeYCIAhcycE,https://maps.google.com/?cid=13963793309605488213,https://www.heytea.com/,2.6,7.0,,5,5,1,,15,2.0,3.3499999999999996,2025-10-01,2026-02-12
BID|PR0092394,heytea,BID|PR0092394,HEYTEA SOUTH LAKE UNION,HEYTEA SOUTH LAKE UNION,HEYTEA SOUTH LAKE UNION,910 John ST STE 100,SEATTLE,98109,2025.0,HEYTEA,Mainland China,CheeseTea,cheese tea/fruit tea,Premium new-style tea with high brand marketing,Direct/partner,https://www.heytea.com/,HEYTEASOUTHLAKEUNION,HEYTEA SOUTH LAKE UNION,ChIJrUM8bgAVkFQRHdrY8ZLEQuY,https://maps.google.com/?cid=16592040112588118557,https://www.heytea.com/,4.2,569.0,,5,5,1,,5,1.0,4.0,2025-08-26,2026-02-08
BID|PR0091675,happy_lemon,BID|PR0091675,HAPPY LEMON,HAPPY LEMON,HAPPY LEMON,4220 A ST SE #108,AUBURN,98002,2024.0,Happy Lemon,Taiwan,CheeseTea,salted cheese tea/lemon tea,Cheese-foam and flavored tea specialist,Franchise-heavy,https://happylemonusa.com/,HAPPYLEMON,HAPPY LEMON,ChIJLSu0OKT3kFQRve4wcG4tcmk,https://maps.google.com/?cid=7598185473679355581,https://happylemonusa.com/,4.6,72.0,1.0,5,5,1,,85,2.0,3.8705882352941177,2022-07-20,2026-02-16
BID|PR0077019,happy_lemon,BID|PR0077019,HAPPY LEMON,HAPPY LEMON,HAPPY LEMON,1031 BELLEVUE SQUARE,BELLEVUE,98004,2024.0,Happy Lemon,Taiwan,CheeseTea,salted cheese tea/lemon tea,Cheese-foam and flavored tea specialist,Franchise-heavy,https://happylemonusa.com/,HAPPYLEMON,HAPPY LEMON,ChIJQ-W6p49tkFQRyt9kanrI8xo,https://maps.google.com/?cid=1942116292423376842,https://happylemonusa.com/,4.2,1041.0,1.0,5,5,1,,85,2.0,3.8705882352941177,2022-07-20,2026-02-16
BID|PR0088150,happy_lemon,BID|PR0088150,HAPPY LEMON,HAPPY LEMON,HAPPY LEMON,1645 140TH AVE NE B 008,BELLEVUE,98005,2024.0,Happy Lemon,Taiwan,CheeseTea,salted cheese tea/lemon tea,Cheese-foam and flavored tea specialist,Franchise-heavy,https://happylemonusa.com/,HAPPYLEMON,HAPPY LEMON,ChIJk_PdOD9tkFQRoSCfZ6D-4bs,https://maps.google.com/?cid=13538381919739125921,https://happylemonusa.com/,4.2,546.0,1.0,5,5,1,,85,2.0,3.8705882352941177,2022-07-20,2026-02-16
BID|PR0090928,happy_lemon,BID|PR0090928,HAPPY LEMON,HAPPY LEMON,HAPPY LEMON,17307 SE 272ND ST STE 118,COVINGTON,98042,2024.0,Happy Lemon,Taiwan,CheeseTea,salted cheese tea/lemon tea,Cheese-foam and flavored tea specialist,Franchise-heavy,https://happylemonusa.com/,HAPPYLEMON,HAPPY LEMON,ChIJCbKWpYJfkFQRudlz7yMRLZk,https://maps.google.com/?cid=11037497107793828281,http://happylemonusa.com/,4.8,227.0,1.0,5,5,1,,85,2.0,3.8705882352941177,2022-07-20,2026-02-16
BID|PR0049678,happy_lemon,BID|PR0049678,HAPPY LEMON,HAPPY LEMON,HAPPY LEMON,1171 NW SAMMAMISH RD ,ISSAQUAH,98027,2024.0,Happy Lemon,Taiwan,CheeseTea,salted cheese tea/lemon tea,Cheese-foam and flavored tea specialist,Franchise-heavy,https://happylemonusa.com/,HAPPYLEMON,HAPPY LEMON,ChIJc_0zW4dvkFQR8SRAuVV3SYw,https://maps.google.com/?cid=10108742048673703153,https://happylemonusa.com/,4.2,898.0,1.0,5,5,1,,85,2.0,3.8705882352941177,2022-07-20,2026-02-16
BID|PR0088862,happy_lemon,BID|PR0088862,HAPPY LEMON,HAPPY LEMON,HAPPY LEMON,320 4TH ST,KIRKLAND,98033,2024.0,Happy Lemon,Taiwan,CheeseTea,salted cheese tea/lemon tea,Cheese-foam and flavored tea specialist,Franchise-heavy,https://happylemonusa.com/,HAPPYLEMON,HAPPY LEMON,ChIJ6XveupwTkFQRdDkUP0ALqEg,https://maps.google.com/?cid=5235446937382304116,https://www.happylemonusa.com/,4.3,143.0,1.0,5,5,1,,85,2.0,3.8705882352941177,2022-07-20,2026-02-16
BID|PR0054773,happy_lemon,BID|PR0054773,HAPPY LEMON,HAPPY LEMON,HAPPY LEMON,17181 NE REDMOND WAY STE A08,REDMOND,98052,2022.0,Happy Lemon,Taiwan,CheeseTea,salted cheese tea/lemon tea,Cheese-foam and flavored tea specialist,Franchise-heavy,https://happylemonusa.com/,HAPPYLEMON,HAPPY LEMON,ChIJQ0nSlplzkFQR534-O1KTMXw,https://maps.google.com/?cid=8949095915952439015,https://happylemonusa.com/,4.0,158.0,1.0,5,5,1,,85,2.0,3.8705882352941177,2022-07-20,2026-02-16
BID|PR0092256,happy_lemon,BID|PR0092256,HAPPY LEMON,HAPPY LEMON,HAPPY LEMON,4250 NE 4th ST STE E,RENTON,98059,2025.0,Happy Lemon,Taiwan,CheeseTea,salted cheese tea/lemon tea,Cheese-foam and flavored tea specialist,Franchise-heavy,https://happylemonusa.com/,HAPPYLEMON,HAPPY LEMON,ChIJCbRa9iBnkFQR7koW3gwXpeA,https://maps.google.com/?cid=16187369779686165230,https://linktr.ee/happylemonwa,3.8,31.0,1.0,5,5,1,,85,2.0,3.8705882352941177,2022-07-20,2026-02-16
BID|PR0087041,happy_lemon,BID|PR0087041,HAPPY LEMON,HAPPY LEMON,HAPPY LEMON,6014 MARTIN LUTHER KING JR WAY S,SEATTLE,98118,2022.0,Happy Lemon,Taiwan,CheeseTea,salted cheese tea/lemon tea,Cheese-foam and flavored tea specialist,Franchise-heavy,https://happylemonusa.com/,HAPPYLEMON,HAPPY LEMON,ChIJbRl0CCNBkFQR9MrJLqh_sHc,https://maps.google.com/?cid=8624533646730709748,https://happylemonusa.com/,3.7,146.0,1.0,5,5,1,,85,2.0,3.8705882352941177,2022-07-20,2026-02-16
BID|PR0089611,happy_lemon,BID|PR0089611,HAPPY LEMON  dba TRICERA LLC,HAPPY LEMON  dba TRICERA LLC,HAPPY LEMON  dba TRICERA LLC,2630 NE VILLAGE LN,SEATTLE,98105,2021.0,Happy Lemon,Taiwan,CheeseTea,salted cheese tea/lemon tea,Cheese-foam and flavored tea specialist,Franchise-heavy,https://happylemonusa.com/,HAPPYLEMONDBATRICERALLC,HAPPY LEMON  dba TRICERA LLC,ChIJexL63CIVkFQR_GlP5N93M-o,https://maps.google.com/?cid=16875964032179202556,https://linktr.ee/happylemonwa,4.1,206.0,1.0,5,5,1,,10,2.0,3.3,2025-02-26,2026-01-31
BID|PR0004561,happy_lemon,BID|PR0004561,HAPPY LEMON - TUKWILA,HAPPY LEMON - TUKWILA,HAPPY LEMON - TUKWILA,17105 SOUTHCENTER PKWY,TUKWILA,98188,2025.0,Happy Lemon,Taiwan,CheeseTea,salted cheese tea/lemon tea,Cheese-foam and flavored tea specialist,Franchise-heavy,https://happylemonusa.com/,HAPPYLEMONTUKWILA,HAPPY LEMON - TUKWILA,ChIJr3mq3SVdkFQRJC8xPKTk8Rg,https://maps.google.com/?cid=1797469120333164324,https://www.doordash.com/store/happy-lemon-tukwila-843257/2071552/?preview=1,4.2,423.0,1.0,5,5,1,,10,2.0,4.2,2024-12-04,2026-02-03
BID|PR0090866,happy_lemon,BID|PR0090866,Happy Lemon Bubble Tea,Happy Lemon Bubble Tea,Happy Lemon Bubble Tea,9025 25TH AVE SW,SEATTLE,98106,2023.0,Happy Lemon,Taiwan,CheeseTea,salted cheese tea/lemon tea,Cheese-foam and flavored tea specialist,Franchise-heavy,https://happylemonusa.com/,HAPPYLEMONBUBBLETEA,Happy Lemon Bubble Tea,ChIJEVDCx3hBkFQRi-zLEd9BJjE,https://maps.google.com/?cid=3541590583305563275,https://happylemonusa.com/,4.5,100.0,1.0,5,5,1,,5,1.0,4.0,2023-03-17,2025-11-20
BID|PR0092261,happy_lemon,BID|PR0092261,Pearl of Alki LLC DbA Happy Lemon Alki Beach,Pearl of Alki LLC DbA Happy Lemon Alki Beach,Pearl of Alki LLC DbA Happy Lemon Alki Beach,2718 Alki AVE SW,SEATTLE,98116,2025.0,Happy Lemon,Taiwan,CheeseTea,salted cheese tea/lemon tea,Cheese-foam and flavored tea specialist,Franchise-heavy,https://happylemonusa.com/,PEARLOFALKILLCDBAHAPPYLEMONALKIBEACH,Pearl of Alki LLC DbA Happy Lemon Alki Beach,ChIJzUhdmntBkFQRWxABCFh5jYg,https://maps.google.com/?cid=9839654179872772187,https://happylemonusa.com/,4.2,72.0,1.0,5,5,1,,10,2.0,3.3,2025-02-16,2026-02-14
BID|PR0088970,happy_lemon,BID|PR0088970,TYRANNO LLC DBA HAPPY LEMON,TYRANNO LLC DBA HAPPY LEMON,TYRANNO LLC DBA HAPPY LEMON,2245 8TH AVE R1 1A,SEATTLE,98121,2020.0,Happy Lemon,Taiwan,CheeseTea,salted cheese tea/lemon tea,Cheese-foam and flavored tea specialist,Franchise-heavy,https://happylemonusa.com/,TYRANNOLLCDBAHAPPYLEMON,TYRANNO LLC DBA HAPPY LEMON,ChIJIQQjo9MVkFQRQA5DT34CEAs,https://maps.google.com/?cid=797139875563507264,https://linktr.ee/happylemonwa,4.0,471.0,1.0,5,5,1,,5,1.0,4.0,2023-03-15,2025-07-27
BID|PR0083088,hi_tea_cafe,BID|PR0083088,HI TEA CAFE,HI TEA CAFE,HI TEA CAFE,202 BROADWAY E,SEATTLE,98102,2019.0,Hi Tea Cafe,Local/Regional,MilkTea,milk tea/fruit tea,Tea cafe concept,Independent,,HITEACAFE,HI TEA CAFE,ChIJqzZNo4UVkFQRz74L2_Bp-28,https://maps.google.com/?cid=8069159640552423119,http://www.ordertogo.com/HiTeaCafe,4.6,226.0,1.0,5,5,1,,5,1.0,4.8,2022-03-24,2026-02-01
BID|PR0057251,independent_other,BID|PR0057251,ALKI ICE CREAM & BUBBLE TEA,ALKI ICE CREAM & BUBBLE TEA,ALKI ICE CREAM & BUBBLE TEA,2622 ALKI AVE SW #101,SEATTLE,98116,2023.0,Independent/Other,Mixed,Unknown,,Long-tail independent shops,Independent,,ALKIICECREAMBUBBLETEA,ALKI ICE CREAM & BUBBLE TEA,ChIJqdjBWrlBkFQRs3xgGcffBjQ,https://maps.google.com/?cid=3748929786049756339,,4.1,50.0,,5,5,1,,10,2.0,4.7,2023-06-08,2026-02-14
BID|PR0026200,independent_other,BID|PR0026200,BOBA EXPRESS,BOBA EXPRESS,BOBA EXPRESS,15600 NE 8TH ST PM3,BELLEVUE,98008,2021.0,Independent/Other,Mixed,Unknown,,Long-tail independent shops,Independent,,BOBAEXPRESS,BOBA EXPRESS,ChIJz_B3r7ptkFQR0teEH0R_zLY,https://maps.google.com/?cid=13172042940715161554,,3.2,147.0,1.0,5,5,1,,10,2.0,2.8,2018-07-05,2025-12-19
BID|PR0092783,independent_other,BID|PR0092783,BOBA GO LLC,BOBA GO LLC,BOBA GO LLC,1740 1ST AVE S,SEATTLE,98134,2025.0,Independent/Other,Mixed,Unknown,,Long-tail independent shops,Independent,,BOBAGOLLC,BOBA GO LLC,ChIJHcQlCMBrkFQRo0qTAFkFbQY,https://maps.google.com/?cid=463032216508910243,https://www.seattlecommissary.com/,3.7,6.0,,5,3,1,,3,1.0,3.6666666666666665,2018-11-15,2026-01-29
BID|PR0081056,independent_other,BID|PR0081056,BOBA SMOOTHIES #9075,BOBA SMOOTHIES #9075,BOBA SMOOTHIES #9075,2800 SOUTHCENTER MALL,TUKWILA,98188,2010.0,Independent/Other,Mixed,Unknown,,Long-tail independent shops,Independent,,BOBASMOOTHIES9075,BOBA SMOOTHIES #9075,ChIJc5yNB9NckFQRx5PnUeKETtA,https://maps.google.com/?cid=15010080715644048327,https://www.westfield.com/southcenter/stores/all-stores/boba-smoothies/53782,3.8,153.0,1.0,5,5,1,,10,2.0,3.3,2017-08-12,2025-06-14
BID|PR0085442,independent_other,BID|PR0085442,BOBA UP,BOBA UP,BOBA UP,4141 UNIVERSITY WAY NE #103,SEATTLE,98105,2018.0,Independent/Other,Mixed,Unknown,,Long-tail independent shops,Independent,,BOBAUP,BOBA UP,ChIJP56j_coVkFQRvYmtsrRIjfo,https://maps.google.com/?cid=18054166422127217085,https://bobaupseattle.com/?utm_source=google,4.5,1140.0,1.0,5,5,1,,5,1.0,4.6,2025-07-19,2026-01-27
BID|PR0018797,independent_other,BID|PR0018797,HUB BOBA LLC,HUB BOBA LLC,HUB BOBA LLC,2900 78TH AVE SE,MERCER ISLAND,98040,2023.0,Independent/Other,Mixed,Unknown,,Long-tail independent shops,Independent,,HUBBOBALLC,HUB BOBA LLC,ChIJN8H4vSprkFQRqUehS_JYy5I,https://maps.google.com/?cid=10577645947483932585,,4.0,57.0,,5,5,1,,10,2.0,4.0,2023-07-03,2026-02-06
BID|PR0081913,independent_other,BID|PR0081913,HYSON BOBA TEA & CAFE,HYSON BOBA TEA & CAFE,HYSON BOBA TEA & CAFE,2207 E MADISON ST,SEATTLE,98112,2025.0,Independent/Other,Mixed,Unknown,,Long-tail independent shops,Independent,,HYSONBOBATEACAFE,HYSON BOBA TEA & CAFE,ChIJZTy2dZ5rkFQRFVlqrXPh11Y,https://maps.google.com/?cid=6257718094201510165,https://order.toasttab.com/online/hyson-tra-banh-mi-2207-e-madison-street,4.7,187.0,1.0,5,5,1,,5,1.0,4.4,2025-08-21,2026-01-04
BID|PR0070169,independent_other,BID|PR0070169,I-TEA,I-TEA,I-TEA,18230 E VALLEY HWY #176,KENT,98032,2016.0,Independent/Other,Mixed,Unknown,,Long-tail independent shops,Independent,,ITEA,I-TEA,ChIJ93pJfChdkFQRCdcusKuDOYg,https://maps.google.com/?cid=9816021636249212681,http://slevelteaus.com/,4.4,307.0,1.0,5,5,1,,5,1.0,4.8,2022-02-06,2025-09-20
BID|PR0090183,independent_other,BID|PR0090183,JUST POKE AND PURE BOBA,JUST POKE AND PURE BOBA,JUST POKE AND PURE BOBA,17819 108TH AVE SE,RENTON,98055,2022.0,Independent/Other,Mixed,Unknown,,Long-tail independent shops,Independent,,JUSTPOKEANDPUREBOBA,JUST POKE AND PURE BOBA,ChIJw7xt3-ZdkFQRS9mfqSdIR_Q,https://maps.google.com/?cid=17602117003787622731,https://justpoke.com/,4.2,69.0,2.0,5,5,1,,5,1.0,4.8,2023-05-17,2026-02-12
BID|PR0071303,independent_other,BID|PR0071303,MAMA'S VIET KITCHEN & BOBA GEM,MAMA'S VIET KITCHEN & BOBA GEM,MAMA'S VIET KITCHEN & BOBA GEM,4213 UNIVERSITY WAY NE ,SEATTLE,98105,2022.0,Independent/Other,Mixed,Unknown,,Long-tail independent shops,Independent,,MAMASVIETKITCHENBOBAGEM,MAMA'S VIET KITCHEN & BOBA GEM,ChIJ9eJeg9EVkFQRL_hCVBLBFTE,https://maps.google.com/?cid=3536945366836639791,http://mamasvietkitchen.com/,4.2,154.0,1.0,5,5,1,,10,2.0,4.3,2022-12-29,2026-01-15
BID|PR0089635,independent_other,BID|PR0089635,"MICHELLE'S BUBBLE TEA, INC.","MICHELLE'S BUBBLE TEA, INC.","MICHELLE'S BUBBLE TEA, INC.",4740 42nd AVE SW STE 27,WEST SEATTLE,98116,2021.0,Independent/Other,Mixed,Unknown,,Long-tail independent shops,Independent,,MICHELLESBUBBLETEAINC,"MICHELLE'S BUBBLE TEA, INC.",ChIJYc3jnY9BkFQRYCVO20IlwxE,https://maps.google.com/?cid=1279907688180753760,https://www.1992sharetea.com/,4.1,98.0,1.0,5,5,1,,10,2.0,4.6,2021-07-02,2026-02-03
BID|PR0087742,independent_other,BID|PR0087742,NEIGHBORHOOD BUBBLE TEA AND COFFEE,NEIGHBORHOOD BUBBLE TEA AND COFFEE,NEIGHBORHOOD BUBBLE TEA AND COFFEE,17801 INTERNATIONAL BL HS 01,SEATAC,98158,2023.0,Independent/Other,Mixed,Unknown,,Long-tail independent shops,Independent,,NEIGHBORHOODBUBBLETEAANDCOFFEE,NEIGHBORHOOD BUBBLE TEA AND COFFEE,ChIJrSfzDbBdkFQRqS5qq4TavXU,https://maps.google.com/?cid=8484177536382283433,http://neighborhoodsea.com/,4.0,141.0,,5,5,1,,5,1.0,3.2,2025-08-29,2026-01-31
BID|PR0091922,independent_other,BID|PR0091922,OMO Thai Tea,OMO Thai Tea,OMO Thai Tea,10226 NE 10th ST,BELLEVUE,98004,2025.0,Independent/Other,Mixed,Unknown,,Long-tail independent shops,Independent,,OMOTHAITEA,OMO Thai Tea,ChIJC6Mzp8NtkFQR2ZwLSIovDUs,https://maps.google.com/?cid=5408030998502546649,https://omothaitea.com/,4.9,957.0,,5,5,1,,10,2.0,4.2,2025-12-23,2026-02-03
BID|PR0081977,independent_other,BID|PR0081977,T4 TEA FOR U,T4 TEA FOR U,T4 TEA FOR U,4056 FACTORIA MALL SE,BELLEVUE,98006,2025.0,Independent/Other,Mixed,Unknown,,Long-tail independent shops,Independent,,T4TEAFORU,T4 TEA FOR U,ChIJe2JfLi1pkFQRxmo0Oqc6JQ0,https://maps.google.com/?cid=947227786541820614,https://www.t4seattle.com/,4.4,136.0,,5,5,1,,5,1.0,5.0,2025-08-09,2026-01-24
BID|PR0013093,independent_other,BID|PR0013093,WOODINVILLE BAGEL BOBA,WOODINVILLE BAGEL BOBA,WOODINVILLE BAGEL BOBA,14126 NE WOODINVILLE/ DUVALL RD STE D-21,WOODINVILLE,98072,2024.0,Independent/Other,Mixed,Unknown,,Long-tail independent shops,Independent,,WOODINVILLEBAGELBOBA,WOODINVILLE BAGEL BOBA,ChIJZWDhlygMkFQR4Xxz-ow3ODw,https://maps.google.com/?cid=4339279319608294625,https://woodinvillebagel.com/,4.3,713.0,1.0,5,5,1,,10,2.0,4.1,2024-12-15,2026-02-12
BID|PR0087745,jay_tea,BID|PR0087745,JAY TEA,JAY TEA,JAY TEA,1067 SOUTHCENTER MALL,TUKWILA,98188,2024.0,Jay Tea,Local/Regional,MilkTea,milk tea/fruit tea,Tea-focused independent concept,Independent,,JAYTEA,JAY TEA,ChIJ32d1AXddkFQREfzOaKf303c,https://maps.google.com/?cid=8634517208989367313,,4.4,55.0,2.0,5,5,1,,10,2.0,3.2,2019-02-25,2026-01-19
BID|PR0092931,jinjin_matcha,BID|PR0092931,JinJin Matcha,JinJin Matcha,JinJin Matcha,1325 4TH AVE Ste 103,SEATTLE,98101,,JinJin Matcha,Local/Regional,Matcha,matcha drinks,Matcha specialty concept,Independent,,JINJINMATCHA,JinJin Matcha,ChIJGy4McgBrkFQRdryDJRlK9dA,https://maps.google.com/?cid=15057022401047149686,,4.6,24.0,,5,5,1,,5,1.0,4.8,2026-01-13,2026-01-24
BID|PR0091761,kung_fu_tea,BID|PR0091761,KUNG FU TEA X TKK CHICKEN,KUNG FU TEA X TKK CHICKEN,KUNG FU TEA X TKK CHICKEN,17629 108TH AVE SE UNIT 27,RENTON,98055,2024.0,Kung Fu Tea,United States (Taiwan-style),MilkTea,milk tea/customized sugar-ice,Large US chain focused on milk tea and customization,Franchise-heavy,https://www.kungfutea.com/,KUNGFUTEAXTKKCHICKEN,KUNG FU TEA X TKK CHICKEN,ChIJZUaxO85dkFQRuq_Y2GRDio8,https://maps.google.com/?cid=10343153594623635386,https://linktr.ee/kungfutea_renton,4.2,104.0,1.0,5,5,1,,10,2.0,3.7,2024-12-10,2026-01-31
BID|PR0083744,macu_tea,BID|PR0083744,MACU TEA,MACU TEA,MACU TEA,10435 NE 4TH ST STE L,BELLEVUE,98004,2025.0,Macu Tea,Taiwan,MilkTea,pearl milk tea,Youth-oriented milk tea chain,Franchise/select,,MACUTEA,MACU TEA,ChIJt4unWlhtkFQRyzykrLQNkg4,https://maps.google.com/?cid=1049916732772465867,https://macuteabellevue.com/,4.6,115.0,1.0,5,5,1,,20,2.0,4.55,2025-07-29,2026-02-23
BID|PR0084565,macu_tea,BID|PR0084565,MACU TEA,MACU TEA,MACU TEA,1100 NE 45TH ST STE 100,SEATTLE,98105,2024.0,Macu Tea,Taiwan,MilkTea,pearl milk tea,Youth-oriented milk tea chain,Franchise/select,,MACUTEA,MACU TEA,ChIJ7UyBHgAVkFQRLBcyohk6qM8,https://maps.google.com/?cid=14963273643708258092,https://macutea.com.tw/en,4.7,385.0,1.0,5,5,1,,20,2.0,4.55,2025-07-29,2026-02-23
BID|PR0033930,matcha_magic,BID|PR0033930,MATCHA MAGIC,MATCHA MAGIC,MATCHA MAGIC,10246 MAIN ST A,BELLEVUE,98004,2025.0,Matcha Magic,Local/Regional,Matcha,matcha latte/matcha dessert,Matcha-focused multi-store concept,Independent,,MATCHAMAGIC,MATCHA MAGIC,ChIJ31EeKlhtkFQRT6p6o27OBD8,https://maps.google.com/?cid=4540981298880752207,http://www.itsmatchamagic.com/,4.6,480.0,2.0,5,5,1,,10,1.0,4.6,2025-04-22,2026-01-24
BID|PR0090810,matcha_magic,BID|PR0090810,MATCHA MAGIC,MATCHA MAGIC,MATCHA MAGIC,7705 168TH AVE NE,REDMOND,98052,2025.0,Matcha Magic,Local/Regional,Matcha,matcha latte/matcha dessert,Matcha-focused multi-store concept,Independent,,MATCHAMAGIC,MATCHA MAGIC,ChIJcan8CgBzkFQRpajXQMe8DEw,https://maps.google.com/?cid=5479962410575440037,https://itsmatchamagic.com/,4.8,283.0,,5,5,1,,10,1.0,4.6,2025-04-22,2026-01-24
BID|PR0092823,matcha_magic,BID|PR0092823,MATCHA MAGIC CAFE,MATCHA MAGIC CAFE,MATCHA MAGIC CAFE,1530 11TH AVE STE A,SEATTLE,98122,2025.0,Matcha Magic,Local/Regional,Matcha,matcha latte/matcha dessert,Matcha-focused multi-store concept,Independent,,MATCHAMAGICCAFE,MATCHA MAGIC CAFE,ChIJq8-wWk1rkFQRM6WEAOx7x2k,https://maps.google.com/?cid=7622197147899045171,https://www.itsmatchamagic.com/,4.9,240.0,,5,5,1,,5,1.0,5.0,2025-09-29,2026-01-11
BID|PR0086079,matcha_magic,BID|PR0086079,MATCHA MAGIC- SOUTHLAKE UNION,MATCHA MAGIC- SOUTHLAKE UNION,MATCHA MAGIC- SOUTHLAKE UNION,500 FAIRVIEW AVE N STE 140,SEATTLE,98109,,Matcha Magic,Local/Regional,Matcha,matcha latte/matcha dessert,Matcha-focused multi-store concept,Independent,,MATCHAMAGICSOUTHLAKEUNION,MATCHA MAGIC- SOUTHLAKE UNION,ChIJq8-wWk1rkFQRM6WEAOx7x2k,https://maps.google.com/?cid=7622197147899045171,https://www.itsmatchamagic.com/,4.9,240.0,,5,5,1,,5,1.0,5.0,2025-09-29,2026-01-11
BID|PR0090483,matcha_man,BID|PR0090483,Matcha Man Icecream LLC,Matcha Man Icecream LLC,Matcha Man Icecream LLC,6014 12th AVE S,SEATTLE,98108,2022.0,Matcha Man,Local/Regional,Matcha,matcha ice cream/matcha drinks,Matcha dessert and beverage concept,Independent,,MATCHAMANICECREAMLLC,Matcha Man Icecream LLC,ChIJrSeqgMVBkFQRnqiExQNhuY8,https://maps.google.com/?cid=10356415486941767838,,4.6,423.0,1.0,5,5,1,,5,1.0,5.0,2025-08-13,2026-01-23
BID|PR0091672,mauritius_brown_bubble_tea,BID|PR0091672,MAURITIUS BROWN BUBBLE TEA,MAURITIUS BROWN BUBBLE TEA,MAURITIUS BROWN BUBBLE TEA,18151 68TH AVE NE STE 101,KENMORE,98028,2020.0,Mauritius Brown Bubble Tea,Local/Regional,MilkTea,brown sugar boba,Tea-forward boba concept with brown sugar focus,Independent,,MAURITIUSBROWNBUBBLETEA,MAURITIUS BROWN BUBBLE TEA,ChIJs-3hDu8PkFQRN4vEd1CFt_k,https://maps.google.com/?cid=17993997416835353399,https://mbrowntea.com/,4.8,103.0,1.0,5,5,1,,5,1.0,4.8,2024-05-25,2026-01-25
BID|PR0076771,miro_tea,BID|PR0076771,MIRO TEA,MIRO TEA,MIRO TEA,5405 BALLARD AVE NW ,SEATTLE,98107,2007.0,Miro Tea,Local/Regional,PureTea,loose-leaf tea,Specialty tea house concept,Independent,,MIROTEA,MIRO TEA,ChIJT5j7Y8YVkFQRCeKtQH6eJSI,https://maps.google.com/?cid=2460547036516049417,http://www.mirotea.com/,4.7,941.0,1.0,5,5,1,,5,1.0,4.8,2025-08-05,2026-02-03
BID|PR0076480,miro_tea,BID|PR0076480,MIRO TEA ANNEX,MIRO TEA ANNEX,MIRO TEA ANNEX,2555 21ST AVE W ,SEATTLE,98199,2021.0,Miro Tea,Local/Regional,PureTea,loose-leaf tea,Specialty tea house concept,Independent,,MIROTEAANNEX,MIRO TEA ANNEX,ChIJT5j7Y8YVkFQRCeKtQH6eJSI,https://maps.google.com/?cid=2460547036516049417,http://www.mirotea.com/,4.7,941.0,1.0,5,5,1,,5,1.0,4.8,2025-08-05,2026-02-03
BID|PR0089691,miss_boba,BID|PR0089691,MISS BOBA,MISS BOBA,MISS BOBA,302 WASHINGTON AVE S,KENT,98032,2021.0,Miss Boba,Local/Regional,MilkTea,boba milk tea,Independent boba-focused shop,Independent,,MISSBOBA,MISS BOBA,ChIJuwus209bkFQRtoD3yVUQuR4,https://maps.google.com/?cid=2213818652476014774,https://missbobakent.com/,4.7,479.0,,5,5,1,,10,2.0,4.6,2025-07-23,2026-02-01
BID|PR0077115,moge_tee,BID|PR0077115,NAN NOODLE & MOGE TEE,NAN NOODLE & MOGE TEE,NAN NOODLE & MOGE TEE,14220 NE 20TH ST STE A,BELLEVUE,98007,2019.0,Moge Tee,Mainland China,CheeseTea,cheese tea/fruit tea,Cheese tea and fruit tea specialist,Franchise/select,,NANNOODLEMOGETEE,NAN NOODLE & MOGE TEE,ChIJfTzp0q5tkFQR4exZ6-BiXcY,https://maps.google.com/?cid=14293689510504557793,http://mogeteebellevue.com/,4.1,67.0,1.0,5,5,1,,10,2.0,4.0,2023-06-19,2026-01-28
BID|PR0088717,molly_tea,BID|PR0088717,MOLLY TEA,MOLLY TEA,MOLLY TEA,103 BELLEVUE WAY NE #102,BELLEVUE,98004,2025.0,Molly Tea,Mainland China,PureTea,jasmine tea/milk tea,Jasmine-led floral tea specialist,Direct/partner,,MOLLYTEA,MOLLY TEA,ChIJ5WZuTABtkFQRytiZwe06rRU,https://maps.google.com/?cid=1561969438597175498,https://mollyteausa.com/,4.2,583.0,,5,5,1,,10,2.0,4.9,2025-10-21,2026-02-03
BID|PR0091950,mustache_milk_tea,BID|PR0091950,MUSTACHE MILK TEA,MUSTACHE MILK TEA,MUSTACHE MILK TEA,15525 WESTMINSTER WAY N STE 23,SHORELINE,98133,2025.0,Mustache Milk Tea,Local/Regional,MilkTea,milk tea/smoothie,Milk tea focused concept,Independent,,MUSTACHEMILKTEA,MUSTACHE MILK TEA,ChIJ-21yFQARkFQRVPfQgl2jd3c,https://maps.google.com/?cid=8608528834764011348,https://mustachemilktea.com/,4.8,402.0,,5,5,1,,16,3.0,4.863636363636363,2025-08-17,2026-02-17
BID|PR0082492,oasis_tea_zone,BID|PR0082492,OASIS TEA ZONE,OASIS TEA ZONE,OASIS TEA ZONE,501 S GRADY WAY,RENTON,98057,2012.0,Oasis Tea Zone,Local Seattle,MilkTea,boba milk tea/oolong,Local value-oriented bubble tea concept,Independent chain,,OASISTEAZONE,OASIS TEA ZONE,ChIJ_6kpOHhdkFQRkMtSmyXydgc,https://maps.google.com/?cid=537883448850959248,http://www.oasisteazone.com/,3.0,72.0,1.0,5,5,1,,30,2.0,3.7,2020-12-03,2026-02-03
BID|PR0068631,oasis_tea_zone,BID|PR0068631,OASIS TEA ZONE,OASIS TEA ZONE,OASIS TEA ZONE,519 6TH AVE S ,SEATTLE,98104,2010.0,Oasis Tea Zone,Local Seattle,MilkTea,boba milk tea/oolong,Local value-oriented bubble tea concept,Independent chain,,OASISTEAZONE,OASIS TEA ZONE,ChIJ99NL7LxqkFQR2sbTmAs3DMU,https://maps.google.com/?cid=14198784248140515034,http://www.oasisteazone.com/,4.3,1854.0,1.0,5,5,1,,30,2.0,3.7,2020-12-03,2026-02-03
BID|PR0086120,oasis_tea_zone,BID|PR0086120,Oasis Tea Zone,Oasis Tea Zone,Oasis Tea Zone,4524 UNIVERSITY WAY NE,SEATTLE,98105,2025.0,Oasis Tea Zone,Local Seattle,MilkTea,boba milk tea/oolong,Local value-oriented bubble tea concept,Independent chain,,OASISTEAZONE,Oasis Tea Zone,ChIJq9Hw5IoUkFQRwYb0N_6MWBg,https://maps.google.com/?cid=1754307078349162177,http://oasisteazone.com/,4.2,527.0,1.0,5,5,1,,30,2.0,3.7,2020-12-03,2026-02-03
BID|PR0092430,ph,BID|PR0092430,Phe,Phe,Phe,721 E Pine ST,SEATTLE,98122,2025.0,Phê,Vietnamese style,Unknown,tea/coffee,Vietnamese coffee and tea concept,Independent,,PHE,Phe,ChIJ-cPHe4xrkFQRMvbH8nZG-nc,https://maps.google.com/?cid=8645299911384364594,,4.5,387.0,,5,5,1,,5,1.0,4.8,2025-12-28,2026-02-18
BID|PR0079429,ph,BID|PR0079429,VOI CA PHE,VOI CA PHE,VOI CA PHE,6105 13TH AVE S,SEATTLE,98108,2022.0,Phê,Vietnamese style,Unknown,tea/coffee,Vietnamese coffee and tea concept,Independent,,VOICAPHE,VOI CA PHE,ChIJpRTskdhBkFQR4rkqVbBNGWo,https://maps.google.com/?cid=7645227262176573922,http://voicaphe.com/,4.8,194.0,1.0,5,5,1,,5,1.0,4.4,2025-08-26,2026-01-12
BID|PR0090258,pochi_bubble_tea_cafe,BID|PR0090258,POCHI BUBBLE TEA CAFE,POCHI BUBBLE TEA CAFE,POCHI BUBBLE TEA CAFE,11803 98TH AVE NE,KIRKLAND,98034,2022.0,Pochi Bubble Tea Cafe,Local/Regional,MilkTea,bubble tea/cafe snacks,Boba + snack cafe,Independent,,POCHIBUBBLETEACAFE,POCHI BUBBLE TEA CAFE,ChIJMaBpvfUTkFQRJf9LxkfjKsM,https://maps.google.com/?cid=14063302683826847525,http://www.pochibubbletea.com/,4.6,249.0,,5,5,1,,21,4.0,4.627272727272727,2023-05-17,2026-01-27
BID|PR0088495,sharetea,BID|PR0088495,CHANG & SIDA LLC dba SHARETEA PLUS,CHANG & SIDA LLC dba SHARETEA PLUS,CHANG & SIDA LLC dba SHARETEA PLUS,100 ANDOVER PARK W 120,TUKWILA,98188,2019.0,Sharetea,Taiwan,MilkTea,classic milk tea/fruit tea,Mainstream milk tea and fruit tea chain,Franchise-heavy,https://www.1992sharetea.com/,CHANGSIDALLCDBASHARETEAPLUS,CHANG & SIDA LLC dba SHARETEA PLUS,ChIJ62YIZ5JdkFQRFgA4IACQVEQ,https://maps.google.com/?cid=4923718622837735446,https://linktr.ee/shareteatukwila,4.2,312.0,1.0,5,5,1,,10,2.0,3.8,2025-03-03,2026-01-19
BID|PR0088529,sharetea,BID|PR0088529,SHARE TEA,SHARE TEA,SHARE TEA,23609 PACIFIC HWY S STE B,DES MOINES,98198,2023.0,Sharetea,Taiwan,MilkTea,classic milk tea/fruit tea,Mainstream milk tea and fruit tea chain,Franchise-heavy,https://www.1992sharetea.com/,SHARETEA,SHARE TEA,ChIJXUhYAOpbkFQRWeAEVv6Rvv4,https://maps.google.com/?cid=18356269652759601241,http://shareteadesmoines.com/,4.2,125.0,1.0,5,5,1,,25,2.0,3.8666666666666667,2018-01-13,2026-01-30
BID|PR0084997,sharetea,BID|PR0084997,SHARE TEA,SHARE TEA,SHARE TEA,911 N 10TH PL STE B,RENTON,98057,2025.0,Sharetea,Taiwan,MilkTea,classic milk tea/fruit tea,Mainstream milk tea and fruit tea chain,Franchise-heavy,https://www.1992sharetea.com/,SHARETEA,SHARE TEA,ChIJ8TAdeRdokFQR_ChlZgcOfvc,https://maps.google.com/?cid=17833706999379208444,https://www.1992sharetea.com/,4.3,456.0,1.0,5,5,1,,25,2.0,3.8666666666666667,2018-01-13,2026-01-30
BID|PR0090389,sharetea,BID|PR0090389,SHARETEA,SHARETEA,SHARETEA,17039 SE 272nd ST Unit #118,COVINGTON,98042,2023.0,Sharetea,Taiwan,MilkTea,classic milk tea/fruit tea,Mainstream milk tea and fruit tea chain,Franchise-heavy,https://www.1992sharetea.com/,SHARETEA,SHARETEA,ChIJLxNoZ_FfkFQR1oesthaTVH4,https://maps.google.com/?cid=9103062472585938902,https://order.online/business/sharetea-covington-11776049,5.0,40.0,1.0,5,5,1,,25,2.0,3.8666666666666667,2018-01-13,2026-01-30
BID|PR0090870,sharetea,BID|PR0090870,SHARETEA,SHARETEA,SHARETEA,7525 166th AVE NE Unit 16549,REDMOND,98052,2023.0,Sharetea,Taiwan,MilkTea,classic milk tea/fruit tea,Mainstream milk tea and fruit tea chain,Franchise-heavy,https://www.1992sharetea.com/,SHARETEA,SHARETEA,ChIJRVGsH7BykFQRRp9x5U_gS44,https://maps.google.com/?cid=10253535610395533126,https://pos.chowbus.com/online-ordering/store/Sharetea-Redmond/23356,4.2,689.0,1.0,5,5,1,,25,2.0,3.8666666666666667,2018-01-13,2026-01-30
BID|PR0088718,sharetea,BID|PR0088718,SHARETEA BOTHELL,SHARETEA BOTHELL,SHARETEA BOTHELL,18931 BOTHELL WAY NE,BOTHELL,98011,2025.0,Sharetea,Taiwan,MilkTea,classic milk tea/fruit tea,Mainstream milk tea and fruit tea chain,Franchise-heavy,https://www.1992sharetea.com/,SHARETEABOTHELL,SHARETEA BOTHELL,ChIJnbbgQbkPkFQRkJTOpiWrvF0,https://maps.google.com/?cid=6754461719349597328,,4.4,260.0,1.0,5,5,1,,10,2.0,4.4,2025-06-26,2026-01-29
BID|PR0003636,sharetea,BID|PR0003636,SHARETEA CHINATOWN,SHARETEA CHINATOWN,SHARETEA CHINATOWN,651 S KING ST,SEATTLE,98104,2025.0,Sharetea,Taiwan,MilkTea,classic milk tea/fruit tea,Mainstream milk tea and fruit tea chain,Franchise-heavy,https://www.1992sharetea.com/,SHARETEACHINATOWN,SHARETEA CHINATOWN,ChIJ5dqqmPlrkFQRBTeoyt96uus,https://maps.google.com/?cid=16986024046177564421,https://www.clover.com/online-ordering/sharetea-seattle-seattle,3.9,115.0,1.0,5,5,1,,10,2.0,3.3,2024-01-21,2026-01-03
BID|PR0091875,social_tea,BID|PR0091875,SOCIAL TEA CAPITOL HILL LLC  dba Social Tea,SOCIAL TEA CAPITOL HILL LLC  dba Social Tea,SOCIAL TEA CAPITOL HILL LLC  dba Social Tea,1212 PINE ST,SEATTLE,98101,2025.0,Social Tea,Local/Regional,PureTea,tea latte/pure tea,Urban tea cafe concept,Independent,,SOCIALTEACAPITOLHILLLLCDBASOCIALTEA,SOCIAL TEA CAPITOL HILL LLC  dba Social Tea,ChIJP21WkrEVkFQRk9r1zH3YKLk,https://maps.google.com/?cid=13342151930906270355,http://www.socialteaco.com/,4.5,60.0,,5,5,1,,5,1.0,4.4,2025-01-18,2025-12-03
BID|PR0091422,sunright_tea_studio,BID|PR0091422,SUNRIGHT TEA STUDIO,SUNRIGHT TEA STUDIO,SUNRIGHT TEA STUDIO,32225 PACIFIC HWY S STE 103,FEDERAL WAY,98003,2024.0,Sunright Tea Studio,Taiwan-origin premium style,MilkTea,milk tea/fresh tea,Premium experiential milk tea chain,Partner/store growth,https://www.sunrighttea.com/,SUNRIGHTTEASTUDIO,SUNRIGHT TEA STUDIO,ChIJp5UZ8oRXkFQRLCnvFSSKKFY,https://maps.google.com/?cid=6208363973921679660,https://www.snrtea.com/,4.5,120.0,1.0,5,5,1,,20,2.0,4.75,2025-03-28,2026-02-22
BID|PR0090516,sunright_tea_studio,BID|PR0090516,Sunright Tea Studio,Sunright Tea Studio,Sunright Tea Studio,4545 Roosevelt WAY NE,SEATTLE,98105,2023.0,Sunright Tea Studio,Taiwan-origin premium style,MilkTea,milk tea/fresh tea,Premium experiential milk tea chain,Partner/store growth,https://www.sunrighttea.com/,SUNRIGHTTEASTUDIO,Sunright Tea Studio,ChIJ92nOHS0VkFQRUKbV5kIiqV4,https://maps.google.com/?cid=6821020781365274192,https://www.snrtea.com/,4.5,181.0,1.0,5,5,1,,20,2.0,4.75,2025-03-28,2026-02-22
BID|PR0089128,tp_tea,BID|PR0089128,TP TEA,TP TEA,TP TEA,679 S KING ST,SEATTLE,98104,2020.0,TP Tea,Taiwan,PureTea,tea latte/hand-shaken tea,Premium tea-latte positioning,Franchise/select,https://www.tp-tea.com/,TPTEA,TP TEA,ChIJ515TeUBrkFQRdOpO51dsoUk,https://maps.google.com/?cid=5305640960817818228,https://en.tp-tea.com/,4.3,361.0,1.0,5,5,1,,20,2.0,4.05,2023-10-10,2026-02-13
BID|PR0089993,tp_tea,BID|PR0089993,TP TEA,TP TEA,TP TEA,1312 NE 45TH ST,SEATTLE,98105,2022.0,TP Tea,Taiwan,PureTea,tea latte/hand-shaken tea,Premium tea-latte positioning,Franchise/select,https://www.tp-tea.com/,TPTEA,TP TEA,ChIJi7m807QVkFQRmFNlM5Ht7B4,https://maps.google.com/?cid=2228417123529872280,,4.4,138.0,1.0,5,5,1,,20,2.0,4.05,2023-10-10,2026-02-13
BID|PR0088632,tra_tea_juice_bar,BID|PR0088632,TRA TEA & JUICE BAR,TRA TEA & JUICE BAR,TRA TEA & JUICE BAR,211 PARK LN,KIRKLAND,98033,2021.0,TRA Tea & Juice Bar,Local/Regional,FruitTea,tea and juice,Tea and juice bar concept,Independent,,TRATEAJUICEBAR,TRA TEA & JUICE BAR,ChIJ6fpPlT0TkFQRHuukaG2Zw8Y,https://maps.google.com/?cid=14322459935154432798,http://www.snoqualmieicecream.com/,4.6,93.0,1.0,5,5,1,,10,1.0,4.8,2024-08-13,2026-02-11
BID|PR0089105,tra_tea_juice_bar,BID|PR0089105,TRA TEA & JUICE BAR,TRA TEA & JUICE BAR,TRA TEA & JUICE BAR,1133 LAKE WASHINGTON BL N #83,RENTON,98056,2021.0,TRA Tea & Juice Bar,Local/Regional,FruitTea,tea and juice,Tea and juice bar concept,Independent,,TRATEAJUICEBAR,TRA TEA & JUICE BAR,ChIJ9VFEV1lpkFQR5g7Kbrp2hAs,https://maps.google.com/?cid=829918774437744358,https://www.travietcoffee.com/,4.5,154.0,1.0,5,5,1,,10,1.0,4.8,2024-08-13,2026-02-11
BID|PR0090513,tab_milktea,BID|PR0090513,TAB MILKTEA,TAB MILKTEA,TAB MILKTEA,4611 36TH AVE SW,SEATTLE,98126,2022.0,Tab Milktea,Taiwan-style,MilkTea,milk tea/tab milktea,Milk tea specialist,Independent,,TABMILKTEA,TAB MILKTEA,ChIJ74SIAERBkFQR_CaLvcTweGo,https://maps.google.com/?cid=7672146693009909500,https://tabmilktea.com/,4.8,134.0,1.0,5,5,1,,7,2.0,4.714285714285714,2023-12-14,2026-02-14
BID|PR0076997,tapioca_express,BID|PR0076997,TAPIOCA EXPRESS,TAPIOCA EXPRESS,TAPIOCA EXPRESS,15230 NE 24TH ST 1-R,REDMOND,98052,2012.0,Tapioca Express,Taiwan-origin legacy chain,MilkTea,classic pearl milk tea,Classic boba chain,Franchise/select,,TAPIOCAEXPRESS,TAPIOCA EXPRESS,ChIJE4jaAAptkFQRSWhnmn8JNb8,https://maps.google.com/?cid=13777929078665865289,https://www.tapiocaexpress.com/,3.9,877.0,1.0,5,5,1,,10,2.0,4.0,2024-08-05,2026-01-17
BID|PR0088199,tea_addicts,BID|PR0088199,"TEA ADDICTS, LLC","TEA ADDICTS, LLC","TEA ADDICTS, LLC",1525 HARVARD AVE,SEATTLE,98122,2019.0,Tea Addicts,Local/Regional,MilkTea,milk tea/fruit tea,Independent specialty tea/boba concept,Independent,,TEAADDICTSLLC,"TEA ADDICTS, LLC",ChIJN45GaxdrkFQRKXKjWdJ2m-4,https://maps.google.com/?cid=17193466648236093993,http://www.teaaddictsboba.com/,4.4,246.0,1.0,5,5,1,,10,2.0,3.7,2023-10-14,2026-02-02
BID|PR0090686,tea_addicts,BID|PR0090686,Tea Addicts,Tea Addicts,Tea Addicts,1420 NE 65th ST STE #2,SEATTLE,98115,2022.0,Tea Addicts,Local/Regional,MilkTea,milk tea/fruit tea,Independent specialty tea/boba concept,Independent,,TEAADDICTS,Tea Addicts,ChIJ61c4-MMVkFQRAlsGHJmm29c,https://maps.google.com/?cid=15554208914584525570,https://www.teaaddictsboba.com/,4.4,112.0,1.0,5,5,1,,21,3.0,4.333333333333333,2023-02-10,2026-02-02
BID|PR0090206,tea_talk_bubble_tea_cafe,BID|PR0090206,Tea Talk Bubble Tea Cafe,Tea Talk Bubble Tea Cafe,Tea Talk Bubble Tea Cafe,711 228th AVE NE,SAMMAMISH,98074,2022.0,Tea Talk Bubble Tea Cafe,Local/Regional,MilkTea,bubble tea,Neighborhood boba cafe,Independent,,TEATALKBUBBLETEACAFE,Tea Talk Bubble Tea Cafe,ChIJ7cDeLslxkFQRVOGD0QAazp4,https://maps.google.com/?cid=11443112294012412244,https://tea-talk-bubble-tea-cafe.square.site/,4.6,114.0,1.0,5,5,1,,5,1.0,5.0,2022-03-16,2025-11-27
MANUAL|TEAFAIRY_TEA_HOUSE_REDMOND_98052,teafairy_tea_house,MANUAL|TEAFAIRY_TEA_HOUSE_REDMOND_98052,TEAFAIRY TEA HOUSE,TEAFAIRY TEA HOUSE,TEAFAIRY TEA HOUSE,2709 152ND AVE NE,REDMOND,98052,,TeaFairy Tea House,Local/Regional,MilkTea,milk tea/fruit tea,Independent tea house concept,Independent,,TEAFAIRYTEAHOUSE,TEAFAIRY TEA HOUSE,ChIJsRZ0iy1tkFQR41NYNRuxRNw,https://maps.google.com/?cid=15872005717177684963,https://teafairyus.com/,4.9,28.0,,5,5,1,,5,1.0,5.0,2024-06-06,2025-12-22
BID|PR0092388,teazzi,BID|PR0092388,Teazzi Tea Shop,Teazzi Tea Shop,Teazzi Tea Shop,7803 SE 27th ST Ste 176,MERCER ISLAND,98040,2025.0,Teazzi,Unclear/likely Taiwan-style,MilkTea,milk tea/fruit tea,Tea chain with fruit and milk tea mix,Franchise/select,,TEAZZITEASHOP,Teazzi Tea Shop,ChIJAxEcVwBrkFQREnkcqY40_Jg,https://maps.google.com/?cid=11023743775223347474,http://order.snackpass.co/teazziseattle,4.5,128.0,,5,5,1,,10,2.0,4.5,2025-04-19,2026-01-24
BID|PR0011020,teews_barkery,BID|PR0011020,TEEWS,TEEWS,TEEWS,14705 AURORA AVE N,SHORELINE,98133,2025.0,Teews Barkery,Local/Regional,Unknown,tea/bakery,Tea + bakery concept,Independent,,TEEWS,TEEWS,ChIJT5hvRAARkFQRXwE_521JfY4,https://maps.google.com/?cid=10267443461854527839,http://ordertogo.com/teews,4.8,76.0,,5,5,1,,10,2.0,4.3,2025-07-23,2025-12-29
MANUAL|TEEWS_BAKERY_BELLEVUE_98008,teews_barkery,MANUAL|TEEWS_BAKERY_BELLEVUE_98008,TEEWS BAKERY,TEEWS BAKERY,TEEWS BAKERY,15600 NE 8TH ST STE H7,BELLEVUE,98008,,Teews Barkery,Local/Regional,Unknown,tea/bakery,Tea + bakery concept,Independent,,TEEWSBAKERY,TEEWS BAKERY,ChIJwdGiuHZtkFQRKoWZigDxC-U,https://maps.google.com/?cid=16504550244056925482,,4.5,26.0,,5,5,1,,5,1.0,5.0,2026-01-19,2026-02-09
BID|PR0091769,the_alley,BID|PR0091769,"THE ALLEY, IT'S TIME FOR TEA","THE ALLEY, IT'S TIME FOR TEA","THE ALLEY, IT'S TIME FOR TEA",913 S JACKSON ST STE B,SEATTLE,98104,2024.0,The Alley,Taiwan,MilkTea,brown sugar milk tea,Premium visual-brand milk tea and brown sugar focus,Franchise/select,https://www.the-alley.us/,THEALLEYITSTIMEFORTEA,"THE ALLEY, IT'S TIME FOR TEA",ChIJfQx6mq1rkFQRa1dANkRv0AM,https://maps.google.com/?cid=274841916028245867,https://www.clover.com/online-ordering/the-alley--seattle-seattle,4.2,132.0,2.0,5,5,1,,10,2.0,4.6,2024-08-13,2026-01-20
BID|PR0090397,tiger_sugar,BID|PR0090397,TIGER SUGAR SEATTLE,TIGER SUGAR SEATTLE,TIGER SUGAR SEATTLE,1422 2nd AVE,SEATTLE,98101,2023.0,Tiger Sugar,Taiwan,MilkTea,brown sugar boba,Brown sugar boba specialist,Franchise/select,,TIGERSUGARSEATTLE,TIGER SUGAR SEATTLE,ChIJ_boL_ARrkFQRLAgbWN2gsQI,https://maps.google.com/?cid=194113131480025132,https://www.tigersugarwa.com/,4.0,220.0,1.0,5,5,1,,10,2.0,4.2,2025-03-04,2026-02-10
BID|PR0087800,timeless_tea,BID|PR0087800,TIMELESS TEA,TIMELESS TEA,TIMELESS TEA,1000 NE 50TH ST,SEATTLE,98105,2020.0,Timeless Tea,Local/Regional,MilkTea,milk tea/dessert,Dessert cafe and tea hybrid,Independent,https://timelesstea.com/,TIMELESSTEA,TIMELESS TEA,ChIJhzxzU3oVkFQRNzzsb0y3wAs,https://maps.google.com/?cid=846878268868803639,https://www.timelessteaseattle.com/,4.3,557.0,2.0,5,5,1,,10,2.0,3.9,2023-06-01,2026-02-05
BID|PR0087973,timeless_tea,BID|PR0087973,TIMELESS TEA DESSERT CAFE,TIMELESS TEA DESSERT CAFE,TIMELESS TEA DESSERT CAFE,14320 NE 20TH ST STE D,BELLEVUE,98007,2023.0,Timeless Tea,Local/Regional,MilkTea,milk tea/dessert,Dessert cafe and tea hybrid,Independent,https://timelesstea.com/,TIMELESSTEADESSERTCAFE,TIMELESS TEA DESSERT CAFE,ChIJl3AxSdhtkFQRflGKXUZHNNA,https://maps.google.com/?cid=15002694626220593534,https://www.timelessteabellevue.com/,4.2,385.0,2.0,5,5,1,,15,2.0,3.25,2024-11-30,2026-01-30
BID|PR0090952,timeless_tea,BID|PR0090952,Timeless Tea Dessert Cafe,Timeless Tea Dessert Cafe,Timeless Tea Dessert Cafe,1580 NW GILMAN BL UNIT D5,ISSAQUAH,98027,2023.0,Timeless Tea,Local/Regional,MilkTea,milk tea/dessert,Dessert cafe and tea hybrid,Independent,https://timelesstea.com/,TIMELESSTEADESSERTCAFE,Timeless Tea Dessert Cafe,ChIJ-8_UUGFvkFQRinpYqpK3CAA,https://maps.google.com/?cid=2453640364718730,http://www.timelessteawa.com/,3.9,132.0,2.0,5,5,1,,15,2.0,3.25,2024-11-30,2026-01-30
BID|PR0089583,ug_tea,BID|PR0089583,UG TEA - BELLEVUE,UG TEA - BELLEVUE,UG TEA - BELLEVUE,308 105TH AVE NE,BELLEVUE,98004,2020.0,UG Tea,Mainland China,PureTea,pure tea/fruit tea,New-style tea chain,Partner/store growth,,UGTEABELLEVUE,UG TEA - BELLEVUE,ChIJ96AWMI9tkFQRBktckqTOj2U,https://maps.google.com/?cid=7318295125725825798,https://www.uniquegreentea.com/,4.6,198.0,,5,5,1,,5,1.0,4.8,2026-01-05,2026-01-31
BID|PR0093071,vale_matcha,BID|PR0093071,Vale Coffee and Matcha #2,Vale Coffee and Matcha #2,Vale Coffee and Matcha #2,5600 DELRIDGE WAY SW,SEATTLE,98106,,Vale Matcha,Local/Regional,Matcha,matcha latte/coffee,Matcha and coffee hybrid concept,Independent,,VALECOFFEEANDMATCHA2,Vale Coffee and Matcha #2,ChIJd1f3fGoVkFQRz0eZTCdX2zc,https://maps.google.com/?cid=4024906518286125007,https://www.valematcha.com/,4.4,144.0,,5,5,1,,5,1.0,3.4,2025-11-24,2026-02-06
BID|PR0093070,vale_matcha,BID|PR0093070,Vale Matcha and Coffee,Vale Matcha and Coffee,Vale Matcha and Coffee,5600 DELRIDGE WAY SW,SEATTLE,98106,,Vale Matcha,Local/Regional,Matcha,matcha latte/coffee,Matcha and coffee hybrid concept,Independent,,VALEMATCHAANDCOFFEE,Vale Matcha and Coffee,ChIJd1f3fGoVkFQRz0eZTCdX2zc,https://maps.google.com/?cid=4024906518286125007,https://www.valematcha.com/,4.4,144.0,,5,5,1,,5,1.0,3.4,2025-11-24,2026-02-06
BID|PR0090514,xing_fu_tang,BID|PR0090514,XING FU TANG,XING FU TANG,XING FU TANG,1905 4th AVE,SEATTLE,98101,2025.0,Xing Fu Tang,Taiwan,MilkTea,brown sugar boba milk,Brown sugar boba specialist,Franchise/select,https://www.xingfutang.com/,XINGFUTANG,XING FU TANG,ChIJ0_hRRq8VkFQR_yAxLsJcA_Y,https://maps.google.com/?cid=17727114547328786687,https://www.xingfutangwa.com/,4.2,518.0,2.0,5,5,1,,10,2.0,4.4,2025-06-07,2026-02-03
BID|PR0091289,yan_tea,BID|PR0091289,YAN TEA,YAN TEA,YAN TEA,4744 UNIVERSITY WAY NE,SEATTLE,98105,2024.0,Yan Tea,Local/Regional,PureTea,pure tea/milk tea,Tea-focused independent concept,Independent,,YANTEA,YAN TEA,ChIJGyBBWoAVkFQRhyIlbzt57AE,https://maps.google.com/?cid=138618984716378759,https://www.toasttab.com/yan-tea-4744-university-way-ne,4.3,236.0,1.0,5,5,1,,10,2.0,3.9,2025-07-19,2026-02-13
BID|PR0088253,yi_fang_taiwan_fruit_tea,BID|PR0088253,YI FANG TAIWAN FRUIT TEA,YI FANG TAIWAN FRUIT TEA,YI FANG TAIWAN FRUIT TEA,5000 UNIVERSITY WAY NE,SEATTLE,98105,2024.0,Yi Fang Taiwan Fruit Tea,Taiwan,FruitTea,fruit tea/aiyu jelly,Fruit tea and traditional Taiwan recipe positioning,Franchise/select,https://www.yifangteausa.com/,YIFANGTAIWANFRUITTEA,YI FANG TAIWAN FRUIT TEA,ChIJETaw3IQVkFQRMzSdEBEwYJs,https://maps.google.com/?cid=11196001523494368307,https://pos.chowbus.com/online-ordering/store/Yifang-Fruit-Tea/22260?referrer=google_food_ordering,4.2,225.0,1.0,5,5,1,,20,2.0,3.3666666666666667,2022-06-07,2026-01-11
BID|PR0087884,yi_fang_taiwan_fruit_tea,BID|PR0087884,YIFANG TAIWAN FRUIT TEA,YIFANG TAIWAN FRUIT TEA,YIFANG TAIWAN FRUIT TEA,8145 161ST AVE NE,REDMOND,98052,2021.0,Yi Fang Taiwan Fruit Tea,Taiwan,FruitTea,fruit tea/aiyu jelly,Fruit tea and traditional Taiwan recipe positioning,Franchise/select,https://www.yifangteausa.com/,YIFANGTAIWANFRUITTEA,YIFANG TAIWAN FRUIT TEA,ChIJLYtid09zkFQRh3zeZK98KAE,https://maps.google.com/?cid=83453685859777671,https://www.yifangteapnw.com/,3.4,233.0,1.0,5,5,1,,20,2.0,3.3666666666666667,2022-06-07,2026-01-11
BID|PR0050040,yi_fang_taiwan_fruit_tea,BID|PR0050040,YIFANG TAIWAN FRUIT TEA,YIFANG TAIWAN FRUIT TEA,YIFANG TAIWAN FRUIT TEA,619 S KING ST ,SEATTLE,98104,2022.0,Yi Fang Taiwan Fruit Tea,Taiwan,FruitTea,fruit tea/aiyu jelly,Fruit tea and traditional Taiwan recipe positioning,Franchise/select,https://www.yifangteausa.com/,YIFANGTAIWANFRUITTEA,YIFANG TAIWAN FRUIT TEA,ChIJf4rW859rkFQR1InzUbtWaDk,https://maps.google.com/?cid=4136651620273588692,https://www.yifangteapnw.com/,4.1,190.0,1.0,5,5,1,,20,2.0,3.3666666666666667,2022-06-07,2026-01-11
BID|PR0092398,young_tea,BID|PR0092398,YOUNG TEA,YOUNG TEA,YOUNG TEA,13433 NE 20TH ST STE J,BELLEVUE,98005,2025.0,Young Tea,Local/Regional,MilkTea,milk tea/fruit tea,New-style tea shop with broad menu,Independent,,YOUNGTEA,YOUNG TEA,ChIJTSy_BgBtkFQR1dcOGv9ydII,https://maps.google.com/?cid=9400264762208475093,http://youngteaglobal.com/,4.5,111.0,1.0,5,5,1,,20,2.0,4.3,2024-07-16,2026-02-13
BID|PR0090057,young_tea,BID|PR0090057,YOUNG TEA,YOUNG TEA,YOUNG TEA,2110 N 45th ST,SEATTLE,98103,2022.0,Young Tea,Local/Regional,MilkTea,milk tea/fruit tea,New-style tea shop with broad menu,Independent,,YOUNGTEA,YOUNG TEA,ChIJSQthll0VkFQRD7HI5qkNSwA,https://maps.google.com/?cid=21125646625845519,http://youngteaglobal.com/,4.5,788.0,1.0,5,5,1,,20,2.0,4.3,2024-07-16,2026-02-13
