store_id,brand_id,brand,primary_beverage_category,shop_name_input,zip5_input,query_text,place_id,matched_place_name,matched_formatted_address,matched_google_url,website_url,google_rating,google_user_ratings_total,google_price_level,review_snippet_count,extracted_review_rows,find_status,details_status,fetch_ok,error
BID|PR0091735,32_below_bubble_tea,32 Below Bubble Tea,MilkTea,32 BELOW SOFT SERVE + BUBBLE TEA,98058,"32 BELOW SOFT SERVE + BUBBLE TEA, 17054 116TH AVE SE, RENTON, WA, 98058",ChIJX0m-TuJdkFQRyj_Tl1Wmt4g,32 Below Soft Serve & Bubble Tea,"17054 116th Ave SE, Renton, WA 98058, United States",https://maps.google.com/?cid=9851525596445884362,https://www.32belowsoftserve.com/,4.6,97.0,1.0,5,5,OK,OK,1,
BID|PR0089601,angel_boba,Angel Boba,MilkTea,ANGEL BOBA & SANDWICHES,98002,"ANGEL BOBA & SANDWICHES, 2 B ST SE, AUBURN, WA, 98002",ChIJZfyrSlFZkFQRFkK2X7ceuJc,Angel Boba & Sandwich,"2 B Street Southeast, Auburn, WA 98002, United States",https://maps.google.com/?cid=10932521868375507478,https://angelboba-sandwich.com/?utm_source=google,4.6,129.0,,5,5,OK,OK,1,
BID|PR0091879,boba_house,Boba House,MilkTea,BOBA HOUSE,98125,"BOBA HOUSE, 14359 15TH AVE NE, SEATTLE, WA, 98125",ChIJaSHoqvsRkFQRTyl-5aOX_v4,Boba House,"14359 15th Ave NE, Seattle, WA 98125, United States",https://maps.google.com/?cid=18374290259903916367,https://www.clover.com/online-ordering/boba-house-seattle,4.6,135.0,1.0,5,5,OK,OK,1,
BID|PR0088039,boba_house,Boba House,MilkTea,MELODY BOBA HOUSE,98003,"MELODY BOBA HOUSE, 31406 PACIFIC HWY S STE A, FEDERAL WAY, WA, 98003",ChIJDwwynThXkFQRDkW9HIo3smg,Melody Boba House – Bubble Tea • Shaved Ice • Bubble Waffles,"31406 Pacific Hwy S, Federal Way, WA 98003, United States",https://maps.google.com/?cid=7544153392126182670,https://melodyboba-federalway.com/,4.2,465.0,1.0,5,5,OK,OK,1,
BID|PR0087843,bobae,Bobae,MilkTea,BOBAE COFFEE & TEA,98027,"BOBAE COFFEE & TEA, 240 NW GILMAN BL STE 5, ISSAQUAH, WA, 98027",ChIJ9zwi7tFvkFQRDYXm2Jn-J6U,Bobae Coffee & Tea,"240 NW Gilman Blvd #5, Issaquah, WA 98027, United States",https://maps.google.com/?cid=11900760477072262413,https://www.bobaeusa.com/,4.7,216.0,2.0,5,5,OK,OK,1,
BID|PR0090707,bobae,Bobae,MilkTea,BOBAE COFFEE & TEA,98052,"BOBAE COFFEE & TEA, 14676 NE 95TH ST, REDMOND, WA, 98052",ChIJo1_GBT0TkFQR-bh2bHIcP6U,Bobae Coffee & Tea,"Vela, 168 Lake St S, Kirkland, WA 98033, United States",https://maps.google.com/?cid=11907267217562450169,http://www.bobaeusa.com/,4.7,347.0,2.0,5,5,OK,OK,1,
BID|PR0092154,bobae,Bobae,MilkTea,BOBAE COFFEE AND TEA,98052,"BOBAE COFFEE AND TEA, 15745 NE 36TH ST, REDMOND, WA, 98052",ChIJM_BwJgBtkFQRfUUMe70VWBU,Bobae Coffee & Tea,"15885 NE 36th St, Redmond, WA 98052, United States",https://maps.google.com/?cid=1538003176304428413,,4.5,13.0,,5,5,OK,OK,1,
BID|PR0020889,bobae,Bobae,MilkTea,BOBAE USA DBA BOBAE COFFEE & TEA,98072,"BOBAE USA DBA BOBAE COFFEE & TEA, 14015 NE WOODINVILLE DUVAL RD, WOODINVILLE, WA, 98072",ChIJLVoWr_sNkFQR2mqkYv73MCY,Bobae Coffee & Tea,"14015 NE Woodinville Duvall Rd, Woodinville, WA 98072, United States",https://maps.google.com/?cid=2751972044272069338,http://www.bobaeusa.com/,4.7,844.0,2.0,5,5,OK,OK,1,
BID|PR0090145,bobae,Bobae,MilkTea,Bobae Coffee & Tea,98033,"Bobae Coffee & Tea, 168 LAKE ST S, KIRKLAND, WA, 98033",ChIJo1_GBT0TkFQR-bh2bHIcP6U,Bobae Coffee & Tea,"Vela, 168 Lake St S, Kirkland, WA 98033, United States",https://maps.google.com/?cid=11907267217562450169,http://www.bobaeusa.com/,4.7,347.0,2.0,5,5,OK,OK,1,
BID|PR0079741,bobalust,Bobalust,MilkTea,BOBALUST,98003,"BOBALUST, 1770 S 320th ST, FEDERAL WAY, WA, 98003",ChIJRaiESbZXkFQRwxWbyPqXYbE,BobaLust Tea Bar,"1770 S 320th St, Federal Way, WA 98003, United States",https://maps.google.com/?cid=12781664320817403331,http://bobalustteahouse.com/,4.1,128.0,,5,5,OK,OK,1,
BID|PR0086164,bobalust,Bobalust,MilkTea,BOBALUST,98030,"BOBALUST, 12950 SE KENT KANGLEY RD, KENT, WA, 98030",ChIJdaRSuI5fkFQRvJQJ3XOLMg0,BobaLust Kent,"12950 SE Kent-Kangley Rd, Kent, WA 98030, United States",https://maps.google.com/?cid=950975801074488508,https://www.bobalustteahouse.com/,4.3,131.0,,5,5,OK,OK,1,
BID|PR0072295,bobalust,Bobalust,MilkTea,BOBALUST,98033,"BOBALUST, 6617 132ND AVE NE, KIRKLAND, WA, 98033",ChIJt3Gy3a1tkFQRRyT8U0o49GU,BobaLust,"6617 132nd Ave NE, Kirkland, WA 98033, United States",https://maps.google.com/?cid=7346558784035890247,http://bobalustteahouse.com/,4.5,302.0,,5,5,OK,OK,1,
BID|PR0052459,bobalust,Bobalust,MilkTea,BOBALUST,98105,"BOBALUST, 4553 UNIVERSITY WAY NE, SEATTLE, WA, 98105",ChIJ2xxT5fgVkFQReKUl3fwqq9k,BobaLust,"4553 University Wy NE, Seattle, WA 98105, United States",https://maps.google.com/?cid=15684677392778241400,https://www.bobalustteahouse.com/,4.4,76.0,,5,5,OK,OK,1,
BID|PR0065136,bobalust,Bobalust,MilkTea,BOBALUST,98166,"BOBALUST, 116 SW 148TH ST, BURIEN, WA, 98166",ChIJq0XB9g5DkFQRtV37mxuvgPw,BobaLust Burien,"116 SW 148th St, Burien, WA 98166, United States",https://maps.google.com/?cid=18194735027692723637,http://bobalustteahouse.com/,4.2,115.0,,5,5,OK,OK,1,
BID|PR0087133,bobalust,Bobalust,MilkTea,BOBALUST TEA HOUSE,98188,"BOBALUST TEA HOUSE, 319 TUKWILA PKWY, TUKWILA, WA, 98188",ChIJl0-WCtVckFQRKnzjnmUYsP0,BobaLust Tea House,"319 Tukwila Pkwy, Tukwila, WA 98188, United States",https://maps.google.com/?cid=18280137712233315370,http://bobalustteahouse.com/,4.5,748.0,1.0,5,5,OK,OK,1,
BID|PR0091843,bober_tea_mochi_dough,Bober Tea & Mochi Dough,MilkTea,Bober Tea & Mochi Dough,98102,"Bober Tea & Mochi Dough, 605 BROADWAY E, SEATTLE, WA, 98102",ChIJP1hHXAAVkFQRQdD2HVH5-4M,Yumm Mochi,"605 Broadway E, Seattle, WA 98102, United States",https://maps.google.com/?cid=9510469164913315905,http://www.yummmochi.com/,4.6,294.0,,5,5,OK,OK,1,
MANUAL|CHACO_COFFEE_TEA_SEATTLE_98109,chaco_coffee_tea,Chaco Coffee & Tea,MilkTea,CHACO COFFEE & TEA,98109,"CHACO COFFEE & TEA, 100 4TH AVE N STE 165, SEATTLE, WA, 98109",ChIJdxfOMSYVkFQRT283uS_dls4,Chaco Coffee & Tea,"100 4th Ave N ste 165, Seattle, WA 98109, United States",https://maps.google.com/?cid=14886328815360372559,https://chacoffeeandtea.com/,4.8,246.0,,5,5,OK,OK,1,
BID|PR0085053,chaco_coffee_tea,Chaco Coffee & Tea,MilkTea,CHACO COFFEE AND TEA,98109,"CHACO COFFEE AND TEA, 140 4TH AVE N STE 165, SEATTLE, WA, 98109",ChIJdxfOMSYVkFQRT283uS_dls4,Chaco Coffee & Tea,"100 4th Ave N ste 165, Seattle, WA 98109, United States",https://maps.google.com/?cid=14886328815360372559,https://chacoffeeandtea.com/,4.8,246.0,,5,5,OK,OK,1,
MANUAL|CHAYAN_SEATTLE_98105,chayan,Chayan,MilkTea,CHAYAN,98105,"CHAYAN, 4106 BROOKLYN AVE NE SUITE 103A, SEATTLE, WA, 98105",ChIJyUKPLcAVkFQR50llYBwKOsY,CHAYAN 茶宴,"4106 Brooklyn Ave NE Suite 103A, Seattle, WA 98105, United States",https://maps.google.com/?cid=14283740285151562215,,4.2,66.0,,5,5,OK,OK,1,
BID|PR0089923,chicha_san_chen,Chicha San Chen,MilkTea,CHICHA SAN CHEN,98004,"CHICHA SAN CHEN, 400 BELLEVUE SQ STE 188, BELLEVUE, WA, 98004",ChIJG7hjCUZtkFQR18zhUHvgKpw,CHICHA San Chen（Bellevue Square）,"188 Bellevue Square, Bellevue, WA 98004, United States",https://maps.google.com/?cid=11253053439181180119,http://chichasanchenwa.com/,4.2,829.0,2.0,5,5,OK,OK,1,
BID|PR0092458,chicha_san_chen,Chicha San Chen,MilkTea,Chicha San Chen,98188,"Chicha San Chen, 17480 SOUTHCENTER PKWY, TUKWILA, WA, 98188",ChIJuShFmJpdkFQRycy8x-m_lzM,CHICHA San Chen 吃茶三千 ( Tukwila),"17480 Southcenter Pkwy, Tukwila, WA 98188, United States",https://maps.google.com/?cid=3717651028216958153,https://chichasanchenwa.com/,4.8,339.0,,5,5,OK,OK,1,
BID|PR0092784,choo_tea,Choo Tea,PureTea,CHOO TEA,98004,"CHOO TEA, 155 108th AVE NE 101, BELLEVUE, WA, 98004",ChIJPwQIGfZtkFQRgy4vLW1y5ho,Choo Tea Bellevue,"155 108th Ave NE #101, Bellevue, WA 98004, United States",https://maps.google.com/?cid=1938362502864645763,,4.6,101.0,,5,5,OK,OK,1,
MANUAL|CHOO_TEA_BELLEVUE_98004,choo_tea,Choo Tea,PureTea,CHOO TEA BELLEVUE,98004,"CHOO TEA BELLEVUE, 155 108TH AVE NE #101, BELLEVUE, WA, 98004",ChIJPwQIGfZtkFQRgy4vLW1y5ho,Choo Tea Bellevue,"155 108th Ave NE #101, Bellevue, WA 98004, United States",https://maps.google.com/?cid=1938362502864645763,,4.6,101.0,,5,5,OK,OK,1,
BID|PR0091778,coco_fresh_tea_juice,CoCo Fresh Tea & Juice,MilkTea,COCO FRESH,98105,"COCO FRESH, 4700 BROOKLYN AVE NE, SEATTLE, WA, 98105",ChIJJYfzOAAVkFQRmkSR4yhzbz0,CoCo Bubble Tea,"4700 Brooklyn Ave NE, Seattle, WA 98105, United States",https://maps.google.com/?cid=4426883578182321306,https://www.instagram.com/cocobubbleteaseattle?igsh=MTFiemJobjV0MDYx,4.8,11.0,1.0,5,5,OK,OK,1,
BID|PR0081538,coco_fresh_tea_juice,CoCo Fresh Tea & Juice,MilkTea,COCO FRESH TEA & JUICE,98004,"COCO FRESH TEA & JUICE, 11028 NE 8TH ST, BELLEVUE, WA, 98004",ChIJaxM024tskFQRmF1Nqcam2n0,CoCo Bubble Tea,"11028 NE 8th St, Bellevue, WA 98004, United States",https://maps.google.com/?cid=9068744171838070168,,4.2,494.0,1.0,5,5,OK,OK,1,
BID|PR0081660,coco_fresh_tea_juice,CoCo Fresh Tea & Juice,MilkTea,COCO FRESH TUKWILA,98188,"COCO FRESH TUKWILA, 728 SOUTHCENTER MALL STE 1480, TUKWILA, WA, 98188",ChIJ2aQ-18pdkFQRhVQR8Xu05u0,CoCo Bubble Tea,"728 Southcenter Mall, Tukwila, WA 98188, United States",https://maps.google.com/?cid=17142587476050793605,https://www.coco-tea.com/,3.2,65.0,1.0,5,5,OK,OK,1,
BID|PR0091273,comebuy_tea,Comebuy Tea,MilkTea,Come Buy Tea,98122,"Come Buy Tea, 824 E PIKE ST, SEATTLE, WA, 98122",ChIJHSEFMgBrkFQRoJzpf-eavEE,ComeBuyTEA Seattle,"824 E Pike St, Seattle, WA 98122, United States",https://maps.google.com/?cid=4736831227161058464,https://comebuytea-usa.com/,4.1,241.0,1.0,5,5,OK,OK,1,
BID|PR0071069,diy_tea_lab,DIY Tea Lab,MilkTea,DIY TEA LAB,98034,"DIY TEA LAB, 12561 116TH AVE NE, KIRKLAND, WA, 98034",ChIJa9WWthENkFQRxsOyeLQfluU,DIY Tea Lab Cafe (Bubble Tea Cafe),"12561 116th Ave NE, Kirkland, WA 98034, United States",https://maps.google.com/?cid=16543445141171651526,https://www.toasttab.com/local/order/diy-tea-lab-cafe-kirkland/r-2f2a44c7-057e-426f-bd16-78bf0e56e18e,4.2,285.0,1.0,5,5,OK,OK,1,
BID|PR0088857,diy_tea_lab,DIY Tea Lab,MilkTea,DIY TEA LAB - NEWCASTLE,98059,"DIY TEA LAB - NEWCASTLE, 6973 COAL CREEK PKWY SE, NEWCASTLE, WA, 98059",ChIJGfshCV5pkFQRAugZHXGRRko,DIY Tea Lab - Newcastle,"6973 Coal Creek Pkwy SE, Newcastle, WA 98056, United States",https://maps.google.com/?cid=5352125122181982210,https://www.diytealab.com/,4.5,260.0,1.0,5,5,OK,OK,1,
MANUAL|DIY_TEA_LAB_NORTHGATE_98125,diy_tea_lab,DIY Tea Lab,MilkTea,DIY TEA LAB - NORTHGATE,98125,"DIY TEA LAB - NORTHGATE, 334 NE NORTHGATE WAY, SEATTLE, WA, 98125",ChIJjQxuYV0RkFQR2updpXUhW1A,DIY Tea Lab - Northgate,"334 NE Northgate Way, Seattle, WA 98125, United States",https://maps.google.com/?cid=5790258535084190426,https://www.diytealab.com/,,,,0,0,OK,OK,1,
BID|PR0087763,diy_tea_lab,DIY Tea Lab,PureTea,JUST POKE & DIY TEA LAB,98103,"JUST POKE & DIY TEA LAB, 734 N 34TH ST, SEATTLE, WA, 98103",ChIJlz_0JIEVkFQR0eYO4WN5ZaY,Just Poke Fremont,"734 N 34th St, Seattle, WA 98103, United States",https://maps.google.com/?cid=11990123052828387025,http://www.justpoke.com/,4.0,167.0,2.0,5,5,OK,OK,1,
BID|PR0087072,diy_tea_lab,DIY Tea Lab,PureTea,JUST POKE & DIY TEA LAB,98107,"JUST POKE & DIY TEA LAB, 2215 NW MARKET ST, SEATTLE, WA, 98107",ChIJoapjoroVkFQRCgTZNKNjS9o,Just Poké Ballard,"2215 NW Market St, Seattle, WA 98107, United States",https://maps.google.com/?cid=15729775676139045898,https://justpoke.com/locations/ballard/,4.3,56.0,2.0,5,5,OK,OK,1,
BID|PR0088750,ding_tea,Ding Tea,MilkTea,DING TEA,98032,"DING TEA, 321 RAMSAY WAY STE #102, KENT, WA, 98032",ChIJc5fZVl8VkFQRuCMI2dKFB9Q,Ding Tea Seattle,"4725 University Wy NE, Seattle, WA 98105, United States",https://maps.google.com/?cid=15278327401508512696,https://www.clover.com/online-ordering/ding-tea-seattle-seattle-2,4.3,353.0,1.0,5,5,OK,OK,1,
BID|PR0045529,ding_tea,Ding Tea,MilkTea,DING TEA,98105,"DING TEA, 4725 UNIVERSITY WAY NE, SEATTLE, WA, 98105",ChIJc5fZVl8VkFQRuCMI2dKFB9Q,Ding Tea Seattle,"4725 University Wy NE, Seattle, WA 98105, United States",https://maps.google.com/?cid=15278327401508512696,https://www.clover.com/online-ordering/ding-tea-seattle-seattle-2,4.3,353.0,1.0,5,5,OK,OK,1,
BID|PR0091619,ding_tea,Ding Tea,MilkTea,DING TEA+ & 36 STREETS VIETNAMESE COFFEE,98034,"DING TEA+ & 36 STREETS VIETNAMESE COFFEE, 9712 NE 119TH WAY, KIRKLAND, WA, 98034",ChIJwzSwOngTkFQRPncZPCyhiJU,Ding Tea+ & 36 Streets Vietnamese Coffee,"9712 NE 119th Way, Kirkland, WA 98034, United States",https://maps.google.com/?cid=10775039319842846526,https://www.order.store/store/ding-tea-kirkland/Ve5IGX8ZWZaIwxmh7DSXxQ,4.5,91.0,1.0,5,5,OK,OK,1,
BID|PR0088284,ding_tea,Ding Tea,MilkTea,"DING TEA, COVINGTON",98042,"DING TEA, COVINGTON, 17327 SE 270TH PL #101, COVINGTON, WA, 98042",ChIJa7H7jHBfkFQR8HErzLf4494,"Ding Tea, Covington","17327 SE 270th Pl #101, Covington, WA 98042, United States",https://maps.google.com/?cid=16060954164421423600,https://www.clover.com/online-ordering/dtcovington,3.6,112.0,1.0,5,5,OK,OK,1,
BID|PR0091982,dont_yell_at_me,Dont Yell At Me,MilkTea,DON'T YELL AT ME,98004,"DON'T YELL AT ME, 550 106TH AVE STE 150, BELLEVUE, WA, 98004",ChIJKxDMQfRtkFQRnBeQgOhg3Lk,Dont Yell At Me,"550 106th Ave NE SUITE 150, Bellevue, WA 98004, United States",https://maps.google.com/?cid=13392685943598618524,https://en.dontyellatme.com/,4.0,68.0,1.0,5,5,OK,OK,1,
BID|PR0053727,dont_yell_at_me,Dont Yell At Me,MilkTea,DON'T YELL AT ME,98105,"DON'T YELL AT ME, 4511 UNIVERSITY WAY NE, SEATTLE, WA, 98105",ChIJ1dDladYVkFQR6Wuy2BwDKRk,Dont Yell At Me,"4511 University Wy NE, Seattle, WA 98105, United States",https://maps.google.com/?cid=1812983747422874601,https://en.dontyellatme.com/%E9%96%80%E5%B8%82%E5%88%97%E8%A1%A8-%E7%BE%8E%E5%9C%8B,4.4,555.0,1.0,5,5,OK,OK,1,
BID|PR0089620,dont_yell_at_me,Dont Yell At Me,MilkTea,DONT YELL AT ME,98034,"DONT YELL AT ME, 12655 120TH AVE NE SUITE 190, KIRKLAND, WA, 98034",ChIJIYjfn_8NkFQRF3SptRLL5yc,Dont Yell At Me,"12655 120th Ave NE Suite 190, Kirkland, WA 98034, United States",https://maps.google.com/?cid=2875490168316982295,https://it14321.wixsite.com/don-t-yell-at-me,4.4,441.0,1.0,5,5,OK,OK,1,
BID|PR0090644,dont_yell_at_me,Dont Yell At Me,MilkTea,Dont Yell At Me,98102,"Dont Yell At Me, 125 Broadway E, SEATTLE, WA, 98102",ChIJpVfay9wVkFQRtDKMQHKr5xg,Dont Yell At Me,"125 Broadway E, Seattle, WA 98102, United States",https://maps.google.com/?cid=1794591483727983284,https://www.instagram.com/dontyellatme.usa/,4.4,202.0,1.0,5,5,OK,OK,1,
BID|PR0087952,drink_t,Drink T,MilkTea,DRINK T,98007,"DRINK T, 14509 NE 20TH ST STE C, BELLEVUE, WA, 98007",ChIJcTU0D19tkFQRMwWobrLley8,DrinkT,"Unit C, 14509 NE 20th St, Bellevue, WA 98007, United States",https://maps.google.com/?cid=3421580896441468211,https://pos.chowbus.com/online-ordering/store/15258,3.9,78.0,1.0,5,5,OK,OK,1,
BID|PR0091742,drip_tea,Drip Tea,FruitTea,DRIP TEA,98032,"DRIP TEA, 1313 W MEEKER ST STE 221, KENT, WA, 98032",ChIJa9jPouNbkFQR2gp8fOACisM,DSHS - Kent,"1313 W Meeker St Suite 100, Kent, WA 98032, United States",https://maps.google.com/?cid=14090077547366451930,https://www.dshs.wa.gov/esa/community-services-find-an-office?field_closet_zip_code_value=98032&field_counties_value=All,3.6,98.0,,5,5,OK,OK,1,
BID|PR0086241,drip_tea,Drip Tea,MilkTea,DRIP TEA,98122,"DRIP TEA, 1416 10TH AVE, SEATTLE, WA, 98122",ChIJrfg2dK5rkFQRoMO4_RR4NZM,Drip Tea Seattle,"1416 10th Ave, Seattle, WA 98122, United States",https://maps.google.com/?cid=10607516528892494752,http://dripteaseattle.com/,4.3,450.0,1.0,5,5,OK,OK,1,
BID|PR0091100,feng_cha,Feng Cha,MilkTea,FENG CHA,98057,"FENG CHA, 203 S 2ND ST STE C, RENTON, WA, 98057",ChIJe2LloaJDkFQRPjkKhJdukxY,Feng Cha,"203 S 2nd St Suite C, Renton, WA 98057, United States",https://maps.google.com/?cid=1626765487445260606,https://www.fengchausa.com/,4.7,392.0,1.0,5,5,OK,OK,1,
BID|PR0092614,gong_cha,Gong Cha,MilkTea,"TeaDOS, LLC dba Gong Cha",98122,"TeaDOS, LLC dba Gong Cha, 1124 E Pike ST, SEATTLE, WA, 98122",ChIJDcGjUgBrkFQRU8IjgEYnzuo,Gong cha,"1124 E Pike St, Seattle, WA 98122, United States",https://maps.google.com/?cid=16919504033828553299,http://gongchausofficial.com/our_locations/#washington,3.4,82.0,,5,5,OK,OK,1,
BID|PR0089077,heytea,HEYTEA,MilkTea,HEY TEA,98004,"HEY TEA, 700 110th AVE NE STE 192, BELLEVUE, WA, 98004",ChIJQZA8KGBtkFQRf7ePdSZvBJE,heytea (Bellevue Bravern),"700 110th Ave NE #192, Bellevue, WA 98004, United States",https://maps.google.com/?cid=10449599246378186623,https://www.heytea.com/,4.5,815.0,2.0,5,5,OK,OK,1,
BID|PR0092910,heytea,HEYTEA,CheeseTea,HEYTEA,98052,"HEYTEA, 16595 REDMOND WAY STE 165, REDMOND, WA, 98052",ChIJOx01WQBzkFQRVeYCIAhcycE,heytea (Redmond),"16595 Redmond Wy Suite# 165, Redmond, WA 98052, United States",https://maps.google.com/?cid=13963793309605488213,https://www.heytea.com/,2.6,7.0,,5,5,OK,OK,1,
BID|PR0092394,heytea,HEYTEA,MilkTea,HEYTEA SOUTH LAKE UNION,98109,"HEYTEA SOUTH LAKE UNION, 910 John ST STE 100, SEATTLE, WA, 98109",ChIJrUM8bgAVkFQRHdrY8ZLEQuY,heytea (South Lake Union),"910 John St, Seattle, WA 98109, United States",https://maps.google.com/?cid=16592040112588118557,https://www.heytea.com/,4.2,569.0,,5,5,OK,OK,1,
BID|PR0091675,happy_lemon,Happy Lemon,MilkTea,HAPPY LEMON,98002,"HAPPY LEMON, 4220 A ST SE #108, AUBURN, WA, 98002",ChIJLSu0OKT3kFQRve4wcG4tcmk,Happy Lemon - Auburn,"4220 A St SE, Auburn, WA 98002, United States",https://maps.google.com/?cid=7598185473679355581,https://happylemonusa.com/,4.6,72.0,1.0,5,5,OK,OK,1,
BID|PR0077019,happy_lemon,Happy Lemon,MilkTea,HAPPY LEMON,98004,"HAPPY LEMON, 1031 BELLEVUE SQUARE, BELLEVUE, WA, 98004",ChIJQ-W6p49tkFQRyt9kanrI8xo,Happy Lemon Bellevue Square,"1031 Bellevue Square, Bellevue, WA 98004, United States",https://maps.google.com/?cid=1942116292423376842,https://happylemonusa.com/,4.2,1041.0,1.0,5,5,OK,OK,1,
BID|PR0088150,happy_lemon,Happy Lemon,MilkTea,HAPPY LEMON,98005,"HAPPY LEMON, 1645 140TH AVE NE B 008, BELLEVUE, WA, 98005",ChIJk_PdOD9tkFQRoSCfZ6D-4bs,Happy Lemon Bellevue (140th AVE NE),"1645 140th Ave NE # B8, Bellevue, WA 98005, United States",https://maps.google.com/?cid=13538381919739125921,https://happylemonusa.com/,4.2,546.0,1.0,5,5,OK,OK,1,
BID|PR0049678,happy_lemon,Happy Lemon,MilkTea,HAPPY LEMON,98027,"HAPPY LEMON, 1171 NW SAMMAMISH RD, ISSAQUAH, WA, 98027",ChIJc_0zW4dvkFQR8SRAuVV3SYw,Happy Lemon Bubble Tea,"1171 NW Sammamish Rd SUITE 109, Issaquah, WA 98027, United States",https://maps.google.com/?cid=10108742048673703153,https://happylemonusa.com/,4.2,898.0,1.0,5,5,OK,OK,1,
BID|PR0088862,happy_lemon,Happy Lemon,MilkTea,HAPPY LEMON,98033,"HAPPY LEMON, 320 4TH ST, KIRKLAND, WA, 98033",ChIJ6XveupwTkFQRdDkUP0ALqEg,Happy Lemon Kirkland,"320 4th St, Kirkland, WA 98033, United States",https://maps.google.com/?cid=5235446937382304116,https://www.happylemonusa.com/,4.3,143.0,1.0,5,5,OK,OK,1,
BID|PR0090928,happy_lemon,Happy Lemon,MilkTea,HAPPY LEMON,98042,"HAPPY LEMON, 17307 SE 272ND ST STE 118, COVINGTON, WA, 98042",ChIJCbKWpYJfkFQRudlz7yMRLZk,Happy Lemon Bubble Tea,"17307 SE 272nd St # 118, Covington, WA 98042, United States",https://maps.google.com/?cid=11037497107793828281,http://happylemonusa.com/,4.8,227.0,1.0,5,5,OK,OK,1,
BID|PR0054773,happy_lemon,Happy Lemon,MilkTea,HAPPY LEMON,98052,"HAPPY LEMON, 17181 NE REDMOND WAY STE A08, REDMOND, WA, 98052",ChIJQ0nSlplzkFQR534-O1KTMXw,Happy Lemon Redmond,"17181 Redmond Wy suite a08, Redmond, WA 98052, United States",https://maps.google.com/?cid=8949095915952439015,https://happylemonusa.com/,4.0,158.0,1.0,5,5,OK,OK,1,
BID|PR0092256,happy_lemon,Happy Lemon,MilkTea,HAPPY LEMON,98059,"HAPPY LEMON, 4250 NE 4th ST STE E, RENTON, WA, 98059",ChIJCbRa9iBnkFQR7koW3gwXpeA,Happy Lemon Renton,"4250 NE 4th St E, Renton, WA 98059, United States",https://maps.google.com/?cid=16187369779686165230,https://linktr.ee/happylemonwa,3.8,31.0,1.0,5,5,OK,OK,1,
BID|PR0087041,happy_lemon,Happy Lemon,MilkTea,HAPPY LEMON,98118,"HAPPY LEMON, 6014 MARTIN LUTHER KING JR WAY S, SEATTLE, WA, 98118",ChIJbRl0CCNBkFQR9MrJLqh_sHc,Happy Lemon - MLK,"6014 Martin Luther King Jr Way S, Seattle, WA 98118, United States",https://maps.google.com/?cid=8624533646730709748,https://happylemonusa.com/,3.7,146.0,1.0,5,5,OK,OK,1,
BID|PR0089611,happy_lemon,Happy Lemon,MilkTea,HAPPY LEMON  dba TRICERA LLC,98105,"HAPPY LEMON  dba TRICERA LLC, 2630 NE VILLAGE LN, SEATTLE, WA, 98105",ChIJexL63CIVkFQR_GlP5N93M-o,Happy Lemon U Village,"2630 NE Village Ln, Seattle, WA 98105, United States",https://maps.google.com/?cid=16875964032179202556,https://linktr.ee/happylemonwa,4.1,206.0,1.0,5,5,OK,OK,1,
BID|PR0004561,happy_lemon,Happy Lemon,MilkTea,HAPPY LEMON - TUKWILA,98188,"HAPPY LEMON - TUKWILA, 17105 SOUTHCENTER PKWY, TUKWILA, WA, 98188",ChIJr3mq3SVdkFQRJC8xPKTk8Rg,Happy Lemon - Tukwila,"17105 Southcenter Pkwy, Tukwila, WA 98188, United States",https://maps.google.com/?cid=1797469120333164324,https://www.doordash.com/store/happy-lemon-tukwila-843257/2071552/?preview=1,4.2,423.0,1.0,5,5,OK,OK,1,
BID|PR0090866,happy_lemon,Happy Lemon,MilkTea,Happy Lemon Bubble Tea,98106,"Happy Lemon Bubble Tea, 9025 25TH AVE SW, SEATTLE, WA, 98106",ChIJEVDCx3hBkFQRi-zLEd9BJjE,Happy Lemon - West Seattle,"9025 25th Ave SW, Seattle, WA 98106, United States",https://maps.google.com/?cid=3541590583305563275,https://happylemonusa.com/,4.5,100.0,1.0,5,5,OK,OK,1,
BID|PR0092261,happy_lemon,Happy Lemon,MilkTea,Pearl of Alki LLC DbA Happy Lemon Alki Beach,98116,"Pearl of Alki LLC DbA Happy Lemon Alki Beach, 2718 Alki AVE SW, SEATTLE, WA, 98116",ChIJzUhdmntBkFQRWxABCFh5jYg,Happy Lemon Alki Beach,"2718 Alki Ave SW, Seattle, WA 98116, United States",https://maps.google.com/?cid=9839654179872772187,https://happylemonusa.com/,4.2,72.0,1.0,5,5,OK,OK,1,
BID|PR0088970,happy_lemon,Happy Lemon,MilkTea,TYRANNO LLC DBA HAPPY LEMON,98121,"TYRANNO LLC DBA HAPPY LEMON, 2245 8TH AVE R1 1A, SEATTLE, WA, 98121",ChIJIQQjo9MVkFQRQA5DT34CEAs,Happy Lemon South Lake Union,"2245 8th Ave R1-1A, Seattle, WA 98121, United States",https://maps.google.com/?cid=797139875563507264,https://linktr.ee/happylemonwa,4.0,471.0,1.0,5,5,OK,OK,1,
BID|PR0083088,hi_tea_cafe,Hi Tea Cafe,MilkTea,HI TEA CAFE,98102,"HI TEA CAFE, 202 BROADWAY E, SEATTLE, WA, 98102",ChIJqzZNo4UVkFQRz74L2_Bp-28,Hi Tea Cafe,"202 Broadway E, Seattle, WA 98102, United States",https://maps.google.com/?cid=8069159640552423119,http://www.ordertogo.com/HiTeaCafe,4.6,226.0,1.0,5,5,OK,OK,1,
BID|PR0057251,independent_other,Independent/Other,MilkTea,ALKI ICE CREAM & BUBBLE TEA,98116,"ALKI ICE CREAM & BUBBLE TEA, 2622 ALKI AVE SW #101, SEATTLE, WA, 98116",ChIJqdjBWrlBkFQRs3xgGcffBjQ,Alki Ice Cream & Boba,"2622 Alki Ave SW #101, Seattle, WA 98116, United States",https://maps.google.com/?cid=3748929786049756339,,4.1,50.0,,5,5,OK,OK,1,
BID|PR0026200,independent_other,Independent/Other,MilkTea,BOBA EXPRESS,98008,"BOBA EXPRESS, 15600 NE 8TH ST PM3, BELLEVUE, WA, 98008",ChIJz_B3r7ptkFQR0teEH0R_zLY,Boba Express,"15600 NE 8th St, Bellevue, WA 98008, United States",https://maps.google.com/?cid=13172042940715161554,,3.2,147.0,1.0,5,5,OK,OK,1,
BID|PR0092783,independent_other,Independent/Other,MilkTea,BOBA GO LLC,98134,"BOBA GO LLC, 1740 1ST AVE S, SEATTLE, WA, 98134",ChIJHcQlCMBrkFQRo0qTAFkFbQY,Seattle Commissary Kitchen,"1740 1st Ave S, Seattle, WA 98134, United States",https://maps.google.com/?cid=463032216508910243,https://www.seattlecommissary.com/,3.7,6.0,,5,3,OK,OK,1,
BID|PR0081056,independent_other,Independent/Other,MilkTea,BOBA SMOOTHIES #9075,98188,"BOBA SMOOTHIES #9075, 2800 SOUTHCENTER MALL, TUKWILA, WA, 98188",ChIJc5yNB9NckFQRx5PnUeKETtA,Boba Smoothies,"2800 Southcenter Blvd, Tukwila, WA 98188, United States",https://maps.google.com/?cid=15010080715644048327,https://www.westfield.com/southcenter/stores/all-stores/boba-smoothies/53782,3.8,153.0,1.0,5,5,OK,OK,1,
BID|PR0085442,independent_other,Independent/Other,MilkTea,BOBA UP,98105,"BOBA UP, 4141 UNIVERSITY WAY NE #103, SEATTLE, WA, 98105",ChIJP56j_coVkFQRvYmtsrRIjfo,Boba Up,"4141 University Wy NE #103, Seattle, WA 98105, United States",https://maps.google.com/?cid=18054166422127217085,https://bobaupseattle.com/?utm_source=google,4.5,1140.0,1.0,5,5,OK,OK,1,
BID|PR0018797,independent_other,Independent/Other,MilkTea,HUB BOBA LLC,98040,"HUB BOBA LLC, 2900 78TH AVE SE, MERCER ISLAND, WA, 98040",ChIJN8H4vSprkFQRqUehS_JYy5I,Hub Boba & Creamery,"2900 78th Ave SE, Mercer Island, WA 98040, United States",https://maps.google.com/?cid=10577645947483932585,,4.0,57.0,,5,5,OK,OK,1,
BID|PR0081913,independent_other,Independent/Other,MilkTea,HYSON BOBA TEA & CAFE,98112,"HYSON BOBA TEA & CAFE, 2207 E MADISON ST, SEATTLE, WA, 98112",ChIJZTy2dZ5rkFQRFVlqrXPh11Y,Hyson Boba Tea & Cafe,"2207 E Madison St, Seattle, WA 98112, United States",https://maps.google.com/?cid=6257718094201510165,https://order.toasttab.com/online/hyson-tra-banh-mi-2207-e-madison-street,4.7,187.0,1.0,5,5,OK,OK,1,
BID|PR0070169,independent_other,Independent/Other,MilkTea,I-TEA,98032,"I-TEA, 18230 E VALLEY HWY #176, KENT, WA, 98032",ChIJ93pJfChdkFQRCdcusKuDOYg,S Level Tea,"18123 E Valley Hwy, Kent, WA 98032, United States",https://maps.google.com/?cid=9816021636249212681,http://slevelteaus.com/,4.4,307.0,1.0,5,5,OK,OK,1,
BID|PR0090183,independent_other,Independent/Other,PureTea,JUST POKE AND PURE BOBA,98055,"JUST POKE AND PURE BOBA, 17819 108TH AVE SE, RENTON, WA, 98055",ChIJw7xt3-ZdkFQRS9mfqSdIR_Q,Just Poké Renton Benson,"17819 108th Ave SE, Renton, WA 98055, United States",https://maps.google.com/?cid=17602117003787622731,https://justpoke.com/,4.2,69.0,2.0,5,5,OK,OK,1,
BID|PR0071303,independent_other,Independent/Other,MilkTea,MAMA'S VIET KITCHEN & BOBA GEM,98105,"MAMA'S VIET KITCHEN & BOBA GEM, 4213 UNIVERSITY WAY NE, SEATTLE, WA, 98105",ChIJ9eJeg9EVkFQRL_hCVBLBFTE,Mama's Viet Kitchen,"4213 University Wy NE, Seattle, WA 98105, United States",https://maps.google.com/?cid=3536945366836639791,http://mamasvietkitchen.com/,4.2,154.0,1.0,5,5,OK,OK,1,
BID|PR0089635,independent_other,Independent/Other,MilkTea,"MICHELLE'S BUBBLE TEA, INC.",98116,"MICHELLE'S BUBBLE TEA, INC., 4740 42nd AVE SW STE 27, WEST SEATTLE, WA, 98116",ChIJYc3jnY9BkFQRYCVO20IlwxE,Sharetea,"4740 42nd Ave SW, Seattle, WA 98116, United States",https://maps.google.com/?cid=1279907688180753760,https://www.1992sharetea.com/,4.1,98.0,1.0,5,5,OK,OK,1,
BID|PR0087742,independent_other,Independent/Other,MilkTea,NEIGHBORHOOD BUBBLE TEA AND COFFEE,98158,"NEIGHBORHOOD BUBBLE TEA AND COFFEE, 17801 INTERNATIONAL BL HS 01, SEATAC, WA, 98158",ChIJrSfzDbBdkFQRqS5qq4TavXU,Neighborhood Bubble Tea & Coffee,"17801 International Blvd Concourse D, SeaTac, WA 98158, United States",https://maps.google.com/?cid=8484177536382283433,http://neighborhoodsea.com/,4.0,141.0,,5,5,OK,OK,1,
BID|PR0091922,independent_other,Independent/Other,MilkTea,OMO Thai Tea,98004,"OMO Thai Tea, 10226 NE 10th ST, BELLEVUE, WA, 98004",ChIJC6Mzp8NtkFQR2ZwLSIovDUs,OMO Thai Tea,"10226 NE 10th St, Bellevue, WA 98004, United States",https://maps.google.com/?cid=5408030998502546649,https://omothaitea.com/,4.9,957.0,,5,5,OK,OK,1,
BID|PR0081977,independent_other,Independent/Other,MilkTea,T4 TEA FOR U,98006,"T4 TEA FOR U, 4056 FACTORIA MALL SE, BELLEVUE, WA, 98006",ChIJe2JfLi1pkFQRxmo0Oqc6JQ0,"T4, Themed Tea House","ULTA Target Entrance, 4056 Factoria Blvd SE Suite H1, Bellevue, WA 98006, United States",https://maps.google.com/?cid=947227786541820614,https://www.t4seattle.com/,4.4,136.0,,5,5,OK,OK,1,
BID|PR0013093,independent_other,Independent/Other,MilkTea,WOODINVILLE BAGEL BOBA,98072,"WOODINVILLE BAGEL BOBA, 14126 NE WOODINVILLE/ DUVALL RD STE D-21, WOODINVILLE, WA, 98072",ChIJZWDhlygMkFQR4Xxz-ow3ODw,Woodinville Bagel Bakery,"14126 NE Woodinville Duvall Rd, Woodinville, WA 98072, United States",https://maps.google.com/?cid=4339279319608294625,https://woodinvillebagel.com/,4.3,713.0,1.0,5,5,OK,OK,1,
BID|PR0087745,jay_tea,Jay Tea,MilkTea,JAY TEA,98188,"JAY TEA, 1067 SOUTHCENTER MALL, TUKWILA, WA, 98188",ChIJ32d1AXddkFQREfzOaKf303c,Jay Tea Seattle,"1067 Southcenter Mall, Tukwila, WA 98188, United States",https://maps.google.com/?cid=8634517208989367313,,4.4,55.0,2.0,5,5,OK,OK,1,
BID|PR0092931,jinjin_matcha,JinJin Matcha,Matcha,JinJin Matcha,98101,"JinJin Matcha, 1325 4TH AVE Ste 103, SEATTLE, WA, 98101",ChIJGy4McgBrkFQRdryDJRlK9dA,Jin Jin Matcha,"1325 4th Ave #1230, Seattle, WA 98101, United States",https://maps.google.com/?cid=15057022401047149686,,4.6,24.0,,5,5,OK,OK,1,
BID|PR0091761,kung_fu_tea,Kung Fu Tea,MilkTea,KUNG FU TEA X TKK CHICKEN,98055,"KUNG FU TEA X TKK CHICKEN, 17629 108TH AVE SE UNIT 27, RENTON, WA, 98055",ChIJZUaxO85dkFQRuq_Y2GRDio8,Kung Fu Tea x TKK Fried Chicken Express,"17629 108th Ave SE, Renton, WA 98055, United States",https://maps.google.com/?cid=10343153594623635386,https://linktr.ee/kungfutea_renton,4.2,104.0,1.0,5,5,OK,OK,1,
BID|PR0083744,macu_tea,Macu Tea,MilkTea,MACU TEA,98004,"MACU TEA, 10435 NE 4TH ST STE L, BELLEVUE, WA, 98004",ChIJt4unWlhtkFQRyzykrLQNkg4,MACU TEA - Bellevue,"10435 NE 4th St, Bellevue, WA 98004, United States",https://maps.google.com/?cid=1049916732772465867,https://macuteabellevue.com/,4.6,115.0,1.0,5,5,OK,OK,1,
BID|PR0084565,macu_tea,Macu Tea,CheeseTea,MACU TEA,98105,"MACU TEA, 1100 NE 45TH ST STE 100, SEATTLE, WA, 98105",ChIJ7UyBHgAVkFQRLBcyohk6qM8,MACU TEA - UW,"1100 NE 45th St, Seattle, WA 98105, United States",https://maps.google.com/?cid=14963273643708258092,https://macutea.com.tw/en,4.7,385.0,1.0,5,5,OK,OK,1,
BID|PR0033930,matcha_magic,Matcha Magic,Matcha,MATCHA MAGIC,98004,"MATCHA MAGIC, 10246 MAIN ST A, BELLEVUE, WA, 98004",ChIJ31EeKlhtkFQRT6p6o27OBD8,Matcha Magic Bellevue,"10246 Main St A, Bellevue, WA 98004, United States",https://maps.google.com/?cid=4540981298880752207,http://www.itsmatchamagic.com/,4.6,480.0,2.0,5,5,OK,OK,1,
BID|PR0090810,matcha_magic,Matcha Magic,Matcha,MATCHA MAGIC,98052,"MATCHA MAGIC, 7705 168TH AVE NE, REDMOND, WA, 98052",ChIJcan8CgBzkFQRpajXQMe8DEw,Matcha Magic Redmond,"7705 168th Ave NE Suite 110, Redmond, WA 98052, United States",https://maps.google.com/?cid=5479962410575440037,https://itsmatchamagic.com/,4.8,283.0,,5,5,OK,OK,1,
BID|PR0092823,matcha_magic,Matcha Magic,Matcha,MATCHA MAGIC CAFE,98122,"MATCHA MAGIC CAFE, 1530 11TH AVE STE A, SEATTLE, WA, 98122",ChIJq8-wWk1rkFQRM6WEAOx7x2k,Matcha Magic Capitol Hill,"1530 11th Ave, Seattle, WA 98122, United States",https://maps.google.com/?cid=7622197147899045171,https://www.itsmatchamagic.com/,4.9,240.0,,5,5,OK,OK,1,
BID|PR0086079,matcha_magic,Matcha Magic,Matcha,MATCHA MAGIC- SOUTHLAKE UNION,98109,"MATCHA MAGIC- SOUTHLAKE UNION, 500 FAIRVIEW AVE N STE 140, SEATTLE, WA, 98109",ChIJq8-wWk1rkFQRM6WEAOx7x2k,Matcha Magic Capitol Hill,"1530 11th Ave, Seattle, WA 98122, United States",https://maps.google.com/?cid=7622197147899045171,https://www.itsmatchamagic.com/,4.9,240.0,,5,5,OK,OK,1,
BID|PR0090483,matcha_man,Matcha Man,Matcha,Matcha Man Icecream LLC,98108,"Matcha Man Icecream LLC, 6014 12th AVE S, SEATTLE, WA, 98108",ChIJrSeqgMVBkFQRnqiExQNhuY8,Matcha Man Ice Cream & Taiyaki,"6014 12th Ave S, Seattle, WA 98108, United States",https://maps.google.com/?cid=10356415486941767838,,4.6,423.0,1.0,5,5,OK,OK,1,
BID|PR0091672,mauritius_brown_bubble_tea,Mauritius Brown Bubble Tea,MilkTea,MAURITIUS BROWN BUBBLE TEA,98028,"MAURITIUS BROWN BUBBLE TEA, 18151 68TH AVE NE STE 101, KENMORE, WA, 98028",ChIJs-3hDu8PkFQRN4vEd1CFt_k,Mauritius Brown Bubble Tea,"18115 68th Ave NE c101, Kenmore, WA 98028, United States",https://maps.google.com/?cid=17993997416835353399,https://mbrowntea.com/,4.8,103.0,1.0,5,5,OK,OK,1,
BID|PR0076771,miro_tea,Miro Tea,PureTea,MIRO TEA,98107,"MIRO TEA, 5405 BALLARD AVE NW, SEATTLE, WA, 98107",ChIJT5j7Y8YVkFQRCeKtQH6eJSI,Miro Tea,"5405 Ballard Ave NW, Seattle, WA 98107, United States",https://maps.google.com/?cid=2460547036516049417,http://www.mirotea.com/,4.7,941.0,1.0,5,5,OK,OK,1,
BID|PR0076480,miro_tea,Miro Tea,PureTea,MIRO TEA ANNEX,98199,"MIRO TEA ANNEX, 2555 21ST AVE W, SEATTLE, WA, 98199",ChIJT5j7Y8YVkFQRCeKtQH6eJSI,Miro Tea,"5405 Ballard Ave NW, Seattle, WA 98107, United States",https://maps.google.com/?cid=2460547036516049417,http://www.mirotea.com/,4.7,941.0,1.0,5,5,OK,OK,1,
BID|PR0089691,miss_boba,Miss Boba,MilkTea,MISS BOBA,98032,"MISS BOBA, 302 WASHINGTON AVE S, KENT, WA, 98032",ChIJuwus209bkFQRtoD3yVUQuR4,MissBoba,"302 Washington Ave S #302, Kent, WA 98032, United States",https://maps.google.com/?cid=2213818652476014774,https://missbobakent.com/,4.7,479.0,,5,5,OK,OK,1,
BID|PR0077115,moge_tee,Moge Tee,FruitTea,NAN NOODLE & MOGE TEE,98007,"NAN NOODLE & MOGE TEE, 14220 NE 20TH ST STE A, BELLEVUE, WA, 98007",ChIJfTzp0q5tkFQR4exZ6-BiXcY,Moge Tee,"14220 NE 20th St # A, Bellevue, WA 98007, United States",https://maps.google.com/?cid=14293689510504557793,http://mogeteebellevue.com/,4.1,67.0,1.0,5,5,OK,OK,1,
BID|PR0088717,molly_tea,Molly Tea,MilkTea,MOLLY TEA,98004,"MOLLY TEA, 103 BELLEVUE WAY NE #102, BELLEVUE, WA, 98004",ChIJ5WZuTABtkFQRytiZwe06rRU,Molly Tea Bellevue,"103 Bellevue Way NE, Bellevue, WA 98004, United States",https://maps.google.com/?cid=1561969438597175498,https://mollyteausa.com/,4.2,583.0,,5,5,OK,OK,1,
BID|PR0091950,mustache_milk_tea,Mustache Milk Tea,MilkTea,MUSTACHE MILK TEA,98133,"MUSTACHE MILK TEA, 15525 WESTMINSTER WAY N STE 23, SHORELINE, WA, 98133",ChIJ-21yFQARkFQRVPfQgl2jd3c,Mustache MilkTea - Boba Tea & Coffee Shop ( Shoreline ),"15525 Westminster Way N Unit C, Shoreline, WA 98133, United States",https://maps.google.com/?cid=8608528834764011348,https://mustachemilktea.com/,4.8,402.0,,5,5,OK,OK,1,
BID|PR0082492,oasis_tea_zone,Oasis Tea Zone,MilkTea,OASIS TEA ZONE,98057,"OASIS TEA ZONE, 501 S GRADY WAY, RENTON, WA, 98057",ChIJ_6kpOHhdkFQRkMtSmyXydgc,Oasis Tea Zone (Renton),"501 S Grady Way, Renton, WA 98057, United States",https://maps.google.com/?cid=537883448850959248,http://www.oasisteazone.com/,3.0,72.0,1.0,5,5,OK,OK,1,
BID|PR0068631,oasis_tea_zone,Oasis Tea Zone,MilkTea,OASIS TEA ZONE,98104,"OASIS TEA ZONE, 519 6TH AVE S, SEATTLE, WA, 98104",ChIJ99NL7LxqkFQR2sbTmAs3DMU,Oasis Tea Zone (CID),"519 6th Ave S #110, Seattle, WA 98104, United States",https://maps.google.com/?cid=14198784248140515034,http://www.oasisteazone.com/,4.3,1854.0,1.0,5,5,OK,OK,1,
BID|PR0086120,oasis_tea_zone,Oasis Tea Zone,MilkTea,Oasis Tea Zone,98105,"Oasis Tea Zone, 4524 UNIVERSITY WAY NE, SEATTLE, WA, 98105",ChIJq9Hw5IoUkFQRwYb0N_6MWBg,Oasis Tea Zone,"4524 University Wy NE, Seattle, WA 98105, United States",https://maps.google.com/?cid=1754307078349162177,http://oasisteazone.com/,4.2,527.0,1.0,5,5,OK,OK,1,
BID|PR0092430,ph,Phê,Matcha,Phe,98122,"Phe, 721 E Pine ST, SEATTLE, WA, 98122",ChIJ-cPHe4xrkFQRMvbH8nZG-nc,Phê,"721 E Pine St, Seattle, WA 98122, United States",https://maps.google.com/?cid=8645299911384364594,,4.5,387.0,,5,5,OK,OK,1,
BID|PR0079429,ph,Phê,Unknown,VOI CA PHE,98108,"VOI CA PHE, 6105 13TH AVE S, SEATTLE, WA, 98108",ChIJpRTskdhBkFQR4rkqVbBNGWo,Voi Cà Phê,"6105 13th Ave S, Seattle, WA 98108, United States",https://maps.google.com/?cid=7645227262176573922,http://voicaphe.com/,4.8,194.0,1.0,5,5,OK,OK,1,
BID|PR0090258,pochi_bubble_tea_cafe,Pochi Bubble Tea Cafe,MilkTea,POCHI BUBBLE TEA CAFE,98034,"POCHI BUBBLE TEA CAFE, 11803 98TH AVE NE, KIRKLAND, WA, 98034",ChIJMaBpvfUTkFQRJf9LxkfjKsM,Pochi Bubble Tea Cafe - Kirkland,"11803 98th Ave NE Suite r8.02, Kirkland, WA 98034, United States",https://maps.google.com/?cid=14063302683826847525,http://www.pochibubbletea.com/,4.6,249.0,,5,5,OK,OK,1,
BID|PR0088495,sharetea,Sharetea,MilkTea,CHANG & SIDA LLC dba SHARETEA PLUS,98188,"CHANG & SIDA LLC dba SHARETEA PLUS, 100 ANDOVER PARK W 120, TUKWILA, WA, 98188",ChIJ62YIZ5JdkFQRFgA4IACQVEQ,Sharetea Plus Tukwila,"100 Andover Park W Ste 120, Tukwila, WA 98188, United States",https://maps.google.com/?cid=4923718622837735446,https://linktr.ee/shareteatukwila,4.2,312.0,1.0,5,5,OK,OK,1,
BID|PR0084997,sharetea,Sharetea,MilkTea,SHARE TEA,98057,"SHARE TEA, 911 N 10TH PL STE B, RENTON, WA, 98057",ChIJ8TAdeRdokFQR_ChlZgcOfvc,ShareTea Landing,"911 N 10th Pl #B, Renton, WA 98057, United States",https://maps.google.com/?cid=17833706999379208444,https://www.1992sharetea.com/,4.3,456.0,1.0,5,5,OK,OK,1,
BID|PR0088529,sharetea,Sharetea,MilkTea,SHARE TEA,98198,"SHARE TEA, 23609 PACIFIC HWY S STE B, DES MOINES, WA, 98198",ChIJXUhYAOpbkFQRWeAEVv6Rvv4,Sharetea Des Moines,"23609 Pacific Hwy S, Des Moines, WA 98198, United States",https://maps.google.com/?cid=18356269652759601241,http://shareteadesmoines.com/,4.2,125.0,1.0,5,5,OK,OK,1,
BID|PR0090389,sharetea,Sharetea,MilkTea,SHARETEA,98042,"SHARETEA, 17039 SE 272nd ST Unit #118, COVINGTON, WA, 98042",ChIJLxNoZ_FfkFQR1oesthaTVH4,Sharetea Covington,"17039 SE 272nd St Suite 118, Covington, WA 98042, United States",https://maps.google.com/?cid=9103062472585938902,https://order.online/business/sharetea-covington-11776049,5.0,40.0,1.0,5,5,OK,OK,1,
BID|PR0090870,sharetea,Sharetea,MilkTea,SHARETEA,98052,"SHARETEA, 7525 166th AVE NE Unit 16549, REDMOND, WA, 98052",ChIJRVGsH7BykFQRRp9x5U_gS44,Sharetea,"7325 166th Ave NE F130, Redmond, WA 98052, United States",https://maps.google.com/?cid=10253535610395533126,https://pos.chowbus.com/online-ordering/store/Sharetea-Redmond/23356,4.2,689.0,1.0,5,5,OK,OK,1,
BID|PR0088718,sharetea,Sharetea,MilkTea,SHARETEA BOTHELL,98011,"SHARETEA BOTHELL, 18931 BOTHELL WAY NE, BOTHELL, WA, 98011",ChIJnbbgQbkPkFQRkJTOpiWrvF0,ShareTea,"18931 Bothell Way NE #1, Bothell, WA 98011, United States",https://maps.google.com/?cid=6754461719349597328,,4.4,260.0,1.0,5,5,OK,OK,1,
BID|PR0003636,sharetea,Sharetea,MilkTea,SHARETEA CHINATOWN,98104,"SHARETEA CHINATOWN, 651 S KING ST, SEATTLE, WA, 98104",ChIJ5dqqmPlrkFQRBTeoyt96uus,Sharetea Seattle Chinatown-International District,"651 S King St, Seattle, WA 98104, United States",https://maps.google.com/?cid=16986024046177564421,https://www.clover.com/online-ordering/sharetea-seattle-seattle,3.9,115.0,1.0,5,5,OK,OK,1,
BID|PR0091875,social_tea,Social Tea,MilkTea,SOCIAL TEA CAPITOL HILL LLC  dba Social Tea,98101,"SOCIAL TEA CAPITOL HILL LLC  dba Social Tea, 1212 PINE ST, SEATTLE, WA, 98101",ChIJP21WkrEVkFQRk9r1zH3YKLk,Social Tea Capitol Hill,"1212 Pine St, Seattle, WA 98101, United States",https://maps.google.com/?cid=13342151930906270355,http://www.socialteaco.com/,4.5,60.0,,5,5,OK,OK,1,
BID|PR0091422,sunright_tea_studio,Sunright Tea Studio,MilkTea,SUNRIGHT TEA STUDIO,98003,"SUNRIGHT TEA STUDIO, 32225 PACIFIC HWY S STE 103, FEDERAL WAY, WA, 98003",ChIJp5UZ8oRXkFQRLCnvFSSKKFY,Sunright Tea Studio,"32225 Pacific Hwy S Ste.103, Federal Way, WA 98003, United States",https://maps.google.com/?cid=6208363973921679660,https://www.snrtea.com/,4.5,120.0,1.0,5,5,OK,OK,1,
BID|PR0090516,sunright_tea_studio,Sunright Tea Studio,MilkTea,Sunright Tea Studio,98105,"Sunright Tea Studio, 4545 Roosevelt WAY NE, SEATTLE, WA, 98105",ChIJ92nOHS0VkFQRUKbV5kIiqV4,Sunright Tea Studio,"4545 Roosevelt Way NE #103, Seattle, WA 98105, United States",https://maps.google.com/?cid=6821020781365274192,https://www.snrtea.com/,4.5,181.0,1.0,5,5,OK,OK,1,
BID|PR0089128,tp_tea,TP Tea,FruitTea,TP TEA,98104,"TP TEA, 679 S KING ST, SEATTLE, WA, 98104",ChIJ515TeUBrkFQRdOpO51dsoUk,TP TEA,"679 S King St, Seattle, WA 98104, United States",https://maps.google.com/?cid=5305640960817818228,https://en.tp-tea.com/,4.3,361.0,1.0,5,5,OK,OK,1,
BID|PR0089993,tp_tea,TP Tea,MilkTea,TP TEA,98105,"TP TEA, 1312 NE 45TH ST, SEATTLE, WA, 98105",ChIJi7m807QVkFQRmFNlM5Ht7B4,TP TEA,"1312 NE 45th St, Seattle, WA 98105, United States",https://maps.google.com/?cid=2228417123529872280,,4.4,138.0,1.0,5,5,OK,OK,1,
BID|PR0088632,tra_tea_juice_bar,TRA Tea & Juice Bar,Matcha,TRA TEA & JUICE BAR,98033,"TRA TEA & JUICE BAR, 211 PARK LN, KIRKLAND, WA, 98033",ChIJ6fpPlT0TkFQRHuukaG2Zw8Y,Snoqualmie Ice Cream @ Kirkland,"211 Park Ln, Kirkland, WA 98033, United States",https://maps.google.com/?cid=14322459935154432798,http://www.snoqualmieicecream.com/,4.6,93.0,1.0,5,5,OK,OK,1,
BID|PR0089105,tra_tea_juice_bar,TRA Tea & Juice Bar,MilkTea,TRA TEA & JUICE BAR,98056,"TRA TEA & JUICE BAR, 1133 LAKE WASHINGTON BL N #83, RENTON, WA, 98056",ChIJ9VFEV1lpkFQR5g7Kbrp2hAs,TRÀ Viet Coffee & Tea @ Southport Renton,"1133 Lake Washington Blvd N Suite 83, Renton, WA 98056, United States",https://maps.google.com/?cid=829918774437744358,https://www.travietcoffee.com/,4.5,154.0,1.0,5,5,OK,OK,1,
BID|PR0090513,tab_milktea,Tab Milktea,MilkTea,TAB MILKTEA,98126,"TAB MILKTEA, 4611 36TH AVE SW, SEATTLE, WA, 98126",ChIJ74SIAERBkFQR_CaLvcTweGo,Tab milktea,"4611 36th Ave SW, Seattle, WA 98126, United States",https://maps.google.com/?cid=7672146693009909500,https://tabmilktea.com/,4.8,134.0,1.0,5,5,OK,OK,1,
BID|PR0076997,tapioca_express,Tapioca Express,MilkTea,TAPIOCA EXPRESS,98052,"TAPIOCA EXPRESS, 15230 NE 24TH ST 1-R, REDMOND, WA, 98052",ChIJE4jaAAptkFQRSWhnmn8JNb8,Tapioca Express,"15230 NE 24th St, Redmond, WA 98052, United States",https://maps.google.com/?cid=13777929078665865289,https://www.tapiocaexpress.com/,3.9,877.0,1.0,5,5,OK,OK,1,
BID|PR0088199,tea_addicts,Tea Addicts,MilkTea,"TEA ADDICTS, LLC",98122,"TEA ADDICTS, LLC, 1525 HARVARD AVE, SEATTLE, WA, 98122",ChIJN45GaxdrkFQRKXKjWdJ2m-4,Tea Addicts,"1527 Harvard Ave, Seattle, WA 98122, United States",https://maps.google.com/?cid=17193466648236093993,http://www.teaaddictsboba.com/,4.4,246.0,1.0,5,5,OK,OK,1,
BID|PR0090686,tea_addicts,Tea Addicts,MilkTea,Tea Addicts,98115,"Tea Addicts, 1420 NE 65th ST STE #2, SEATTLE, WA, 98115",ChIJ61c4-MMVkFQRAlsGHJmm29c,Tea Addicts,"1410 NE 65th St, Seattle, WA 98115, United States",https://maps.google.com/?cid=15554208914584525570,https://www.teaaddictsboba.com/,4.4,112.0,1.0,5,5,OK,OK,1,
BID|PR0090206,tea_talk_bubble_tea_cafe,Tea Talk Bubble Tea Cafe,MilkTea,Tea Talk Bubble Tea Cafe,98074,"Tea Talk Bubble Tea Cafe, 711 228th AVE NE, SAMMAMISH, WA, 98074",ChIJ7cDeLslxkFQRVOGD0QAazp4,Tea Talk Bubble Tea Cafe,"711 228th Ave NE, Sammamish, WA 98074, United States",https://maps.google.com/?cid=11443112294012412244,https://tea-talk-bubble-tea-cafe.square.site/,4.6,114.0,1.0,5,5,OK,OK,1,
MANUAL|TEAFAIRY_TEA_HOUSE_REDMOND_98052,teafairy_tea_house,TeaFairy Tea House,PureTea,TEAFAIRY TEA HOUSE,98052,"TEAFAIRY TEA HOUSE, 2709 152ND AVE NE, REDMOND, WA, 98052",ChIJsRZ0iy1tkFQR41NYNRuxRNw,TeaFairy Tea House,"2709 152nd Ave NE, Redmond, WA 98052, United States",https://maps.google.com/?cid=15872005717177684963,https://teafairyus.com/,4.9,28.0,,5,5,OK,OK,1,
BID|PR0092388,teazzi,Teazzi,MilkTea,Teazzi Tea Shop,98040,"Teazzi Tea Shop, 7803 SE 27th ST Ste 176, MERCER ISLAND, WA, 98040",ChIJAxEcVwBrkFQREnkcqY40_Jg,Teazzi (Mercer Island),"7803 SE 27th St #176, Mercer Island, WA 98040, United States",https://maps.google.com/?cid=11023743775223347474,http://order.snackpass.co/teazziseattle,4.5,128.0,,5,5,OK,OK,1,
BID|PR0011020,teews_barkery,Teews Barkery,MilkTea,TEEWS,98133,"TEEWS, 14705 AURORA AVE N, SHORELINE, WA, 98133",ChIJT5hvRAARkFQRXwE_521JfY4,Teews,"14705 Aurora Ave N, Shoreline, WA 98133, United States",https://maps.google.com/?cid=10267443461854527839,http://ordertogo.com/teews,4.8,76.0,,5,5,OK,OK,1,
MANUAL|TEEWS_BAKERY_BELLEVUE_98008,teews_barkery,Teews Barkery,MilkTea,TEEWS BAKERY,98008,"TEEWS BAKERY, 15600 NE 8TH ST STE H7, BELLEVUE, WA, 98008",ChIJwdGiuHZtkFQRKoWZigDxC-U,Teews Bakery,"15600 NE 8th St ste H7, Bellevue, WA 98008, United States",https://maps.google.com/?cid=16504550244056925482,,4.5,26.0,,5,5,OK,OK,1,
BID|PR0091769,the_alley,The Alley,MilkTea,"THE ALLEY, IT'S TIME FOR TEA",98104,"THE ALLEY, IT'S TIME FOR TEA, 913 S JACKSON ST STE B, SEATTLE, WA, 98104",ChIJfQx6mq1rkFQRa1dANkRv0AM,The Alley Seattle,"913 S Jackson St Suite B, Seattle, WA 98104, United States",https://maps.google.com/?cid=274841916028245867,https://www.clover.com/online-ordering/the-alley--seattle-seattle,4.2,132.0,2.0,5,5,OK,OK,1,
BID|PR0090397,tiger_sugar,Tiger Sugar,MilkTea,TIGER SUGAR SEATTLE,98101,"TIGER SUGAR SEATTLE, 1422 2nd AVE, SEATTLE, WA, 98101",ChIJ_boL_ARrkFQRLAgbWN2gsQI,TIGER SUGAR,"1422 2nd Ave, Seattle, WA 98101, United States",https://maps.google.com/?cid=194113131480025132,https://www.tigersugarwa.com/,4.0,220.0,1.0,5,5,OK,OK,1,
BID|PR0087800,timeless_tea,Timeless Tea,MilkTea,TIMELESS TEA,98105,"TIMELESS TEA, 1000 NE 50TH ST, SEATTLE, WA, 98105",ChIJhzxzU3oVkFQRNzzsb0y3wAs,Timeless Tea Dessert Cafe 茶千岁(UW),"1000 NE 50th St, Seattle, WA 98105, United States",https://maps.google.com/?cid=846878268868803639,https://www.timelessteaseattle.com/,4.3,557.0,2.0,5,5,OK,OK,1,
BID|PR0087973,timeless_tea,Timeless Tea,MilkTea,TIMELESS TEA DESSERT CAFE,98007,"TIMELESS TEA DESSERT CAFE, 14320 NE 20TH ST STE D, BELLEVUE, WA, 98007",ChIJl3AxSdhtkFQRflGKXUZHNNA,Timeless Tea (Bellevue),"14320 NE 20th St ste d, Bellevue, WA 98007, United States",https://maps.google.com/?cid=15002694626220593534,https://www.timelessteabellevue.com/,4.2,385.0,2.0,5,5,OK,OK,1,
BID|PR0090952,timeless_tea,Timeless Tea,MilkTea,Timeless Tea Dessert Cafe,98027,"Timeless Tea Dessert Cafe, 1580 NW GILMAN BL UNIT D5, ISSAQUAH, WA, 98027",ChIJ-8_UUGFvkFQRinpYqpK3CAA,Timeless Tea Dessert Café 茶千岁（Issaquah),"1580 NW Gilman Blvd Suite D5, Issaquah, WA 98027, United States",https://maps.google.com/?cid=2453640364718730,http://www.timelessteawa.com/,3.9,132.0,2.0,5,5,OK,OK,1,
BID|PR0089583,ug_tea,UG Tea,PureTea,UG TEA - BELLEVUE,98004,"UG TEA - BELLEVUE, 308 105TH AVE NE, BELLEVUE, WA, 98004",ChIJ96AWMI9tkFQRBktckqTOj2U,UG Tea - Bellevue,"308 105th Ave NE, Bellevue, WA 98004, United States",https://maps.google.com/?cid=7318295125725825798,https://www.uniquegreentea.com/,4.6,198.0,,5,5,OK,OK,1,
BID|PR0093071,vale_matcha,Vale Matcha,Matcha,Vale Coffee and Matcha #2,98106,"Vale Coffee and Matcha #2, 5600 DELRIDGE WAY SW, SEATTLE, WA, 98106",ChIJd1f3fGoVkFQRz0eZTCdX2zc,Vale Matcha & Coffee,"2000 Terry Ave, Seattle, WA 98121, United States",https://maps.google.com/?cid=4024906518286125007,https://www.valematcha.com/,4.4,144.0,,5,5,OK,OK,1,
BID|PR0093070,vale_matcha,Vale Matcha,Matcha,Vale Matcha and Coffee,98106,"Vale Matcha and Coffee, 5600 DELRIDGE WAY SW, SEATTLE, WA, 98106",ChIJd1f3fGoVkFQRz0eZTCdX2zc,Vale Matcha & Coffee,"2000 Terry Ave, Seattle, WA 98121, United States",https://maps.google.com/?cid=4024906518286125007,https://www.valematcha.com/,4.4,144.0,,5,5,OK,OK,1,
BID|PR0090514,xing_fu_tang,Xing Fu Tang,MilkTea,XING FU TANG,98101,"XING FU TANG, 1905 4th AVE, SEATTLE, WA, 98101",ChIJ0_hRRq8VkFQR_yAxLsJcA_Y,Xing Fu Tang,"1905 4th Ave, Seattle, WA 98101, United States",https://maps.google.com/?cid=17727114547328786687,https://www.xingfutangwa.com/,4.2,518.0,2.0,5,5,OK,OK,1,
BID|PR0091289,yan_tea,Yan Tea,MilkTea,YAN TEA,98105,"YAN TEA, 4744 UNIVERSITY WAY NE, SEATTLE, WA, 98105",ChIJGyBBWoAVkFQRhyIlbzt57AE,YAN tea,"4744 University Wy NE, Seattle, WA 98105, United States",https://maps.google.com/?cid=138618984716378759,https://www.toasttab.com/yan-tea-4744-university-way-ne,4.3,236.0,1.0,5,5,OK,OK,1,
BID|PR0088253,yi_fang_taiwan_fruit_tea,Yi Fang Taiwan Fruit Tea,PureTea,YI FANG TAIWAN FRUIT TEA,98105,"YI FANG TAIWAN FRUIT TEA, 5000 UNIVERSITY WAY NE, SEATTLE, WA, 98105",ChIJETaw3IQVkFQRMzSdEBEwYJs,Yifang Taiwan Fruit Tea UW,"5000 University Wy NE Suite C, Seattle, WA 98105, United States",https://maps.google.com/?cid=11196001523494368307,https://pos.chowbus.com/online-ordering/store/Yifang-Fruit-Tea/22260?referrer=google_food_ordering,4.2,225.0,1.0,5,5,OK,OK,1,
BID|PR0087884,yi_fang_taiwan_fruit_tea,Yi Fang Taiwan Fruit Tea,PureTea,YIFANG TAIWAN FRUIT TEA,98052,"YIFANG TAIWAN FRUIT TEA, 8145 161ST AVE NE, REDMOND, WA, 98052",ChIJLYtid09zkFQRh3zeZK98KAE,Yifang Taiwan Fruit Tea Redmond,"8145 161st Avenue Northeast, Redmond, WA 98052, United States",https://maps.google.com/?cid=83453685859777671,https://www.yifangteapnw.com/,3.4,233.0,1.0,5,5,OK,OK,1,
BID|PR0050040,yi_fang_taiwan_fruit_tea,Yi Fang Taiwan Fruit Tea,FruitTea,YIFANG TAIWAN FRUIT TEA,98104,"YIFANG TAIWAN FRUIT TEA, 619 S KING ST, SEATTLE, WA, 98104",ChIJf4rW859rkFQR1InzUbtWaDk,Yifang Taiwan Fruit Tea,"619 S King St, Seattle, WA 98104, United States",https://maps.google.com/?cid=4136651620273588692,https://www.yifangteapnw.com/,4.1,190.0,1.0,5,5,OK,OK,1,
BID|PR0092398,young_tea,Young Tea,PureTea,YOUNG TEA,98005,"YOUNG TEA, 13433 NE 20TH ST STE J, BELLEVUE, WA, 98005",ChIJTSy_BgBtkFQR1dcOGv9ydII,Young Tea Bellevue,"13433 NE 20th St Ste J, Bellevue, WA 98005, United States",https://maps.google.com/?cid=9400264762208475093,http://youngteaglobal.com/,4.5,111.0,1.0,5,5,OK,OK,1,
BID|PR0090057,young_tea,Young Tea,MilkTea,YOUNG TEA,98103,"YOUNG TEA, 2110 N 45th ST, SEATTLE, WA, 98103",ChIJSQthll0VkFQRD7HI5qkNSwA,Young Tea,"2110 N 45th St, Seattle, WA 98103, United States",https://maps.google.com/?cid=21125646625845519,http://youngteaglobal.com/,4.5,788.0,1.0,5,5,OK,OK,1,
